frame_index,step_time,eps11_bc,y_mm,u3_mean_mm,u3_min_mm,u3_max_mm,n_nodes
0,0.0,0.0,0.0,0.0,0.0,0.0,6
0,0.0,0.0,0.15625,0.0,0.0,0.0,6
0,0.0,0.0,0.3125,0.0,0.0,0.0,8
0,0.0,0.0,0.46875,0.0,0.0,0.0,8
0,0.0,0.0,0.625,0.0,0.0,0.0,8
0,0.0,0.0,0.78125,0.0,0.0,0.0,8
0,0.0,0.0,0.9375,0.0,0.0,0.0,8
0,0.0,0.0,1.09375,0.0,0.0,0.0,8
0,0.0,0.0,1.25,0.0,0.0,0.0,10
0,0.0,0.0,1.40625,0.0,0.0,0.0,12
0,0.0,0.0,1.5625,0.0,0.0,0.0,12
0,0.0,0.0,1.71875,0.0,0.0,0.0,14
0,0.0,0.0,1.875,0.0,0.0,0.0,18
0,0.0,0.0,2.03125,0.0,0.0,0.0,26
0,0.0,0.0,2.1875,0.0,0.0,0.0,44
0,0.0,0.0,2.34375,0.0,0.0,0.0,65
0,0.0,0.0,2.5,0.0,0.0,0.0,65
0,0.0,0.0,2.65625,0.0,0.0,0.0,65
0,0.0,0.0,2.8125,0.0,0.0,0.0,44
0,0.0,0.0,2.96875,0.0,0.0,0.0,26
0,0.0,0.0,3.125,0.0,0.0,0.0,18
0,0.0,0.0,3.28125,0.0,0.0,0.0,14
0,0.0,0.0,3.4375,0.0,0.0,0.0,12
0,0.0,0.0,3.59375,0.0,0.0,0.0,12
0,0.0,0.0,3.75,0.0,0.0,0.0,10
0,0.0,0.0,3.90625,0.0,0.0,0.0,8
0,0.0,0.0,4.0625,0.0,0.0,0.0,8
0,0.0,0.0,4.21875,0.0,0.0,0.0,8
0,0.0,0.0,4.375,0.0,0.0,0.0,8
0,0.0,0.0,4.53125,0.0,0.0,0.0,8
0,0.0,0.0,4.6875,0.0,0.0,0.0,7
0,0.0,0.0,4.84375,0.0,0.0,0.0,6
0,0.0,0.0,5.0,0.0,0.0,0.0,6
0,0.0,0.0,5.15625,0.0,0.0,0.0,6
0,0.0,0.0,5.3125,0.0,0.0,0.0,8
0,0.0,0.0,5.46875,0.0,0.0,0.0,8
0,0.0,0.0,5.625,0.0,0.0,0.0,8
0,0.0,0.0,5.78125,0.0,0.0,0.0,8
0,0.0,0.0,5.9375,0.0,0.0,0.0,8
0,0.0,0.0,6.09375,0.0,0.0,0.0,8
0,0.0,0.0,6.25,0.0,0.0,0.0,10
0,0.0,0.0,6.40625,0.0,0.0,0.0,12
0,0.0,0.0,6.5625,0.0,0.0,0.0,12
0,0.0,0.0,6.71875,0.0,0.0,0.0,14
0,0.0,0.0,6.875,0.0,0.0,0.0,18
0,0.0,0.0,7.03125,0.0,0.0,0.0,26
0,0.0,0.0,7.1875,0.0,0.0,0.0,42
0,0.0,0.0,7.34375,0.0,0.0,0.0,65
0,0.0,0.0,7.5,0.0,0.0,0.0,65
0,0.0,0.0,7.65625,0.0,0.0,0.0,65
0,0.0,0.0,7.8125,0.0,0.0,0.0,44
0,0.0,0.0,7.96875,0.0,0.0,0.0,26
0,0.0,0.0,8.125,0.0,0.0,0.0,18
0,0.0,0.0,8.28125,0.0,0.0,0.0,14
0,0.0,0.0,8.4375,0.0,0.0,0.0,12
0,0.0,0.0,8.59375,0.0,0.0,0.0,12
0,0.0,0.0,8.75,0.0,0.0,0.0,10
0,0.0,0.0,8.90625,0.0,0.0,0.0,8
0,0.0,0.0,9.0625,0.0,0.0,0.0,8
0,0.0,0.0,9.21875,0.0,0.0,0.0,8
0,0.0,0.0,9.375,0.0,0.0,0.0,8
0,0.0,0.0,9.53125,0.0,0.0,0.0,8
0,0.0,0.0,9.6875,0.0,0.0,0.0,7
0,0.0,0.0,9.84375,0.0,0.0,0.0,6
0,0.0,0.0,10.0,0.0,0.0,0.0,6
0,0.0,0.0,10.15625,0.0,0.0,0.0,6
0,0.0,0.0,10.3125,0.0,0.0,0.0,8
0,0.0,0.0,10.46875,0.0,0.0,0.0,8
0,0.0,0.0,10.625,0.0,0.0,0.0,8
0,0.0,0.0,10.78125,0.0,0.0,0.0,8
0,0.0,0.0,10.9375,0.0,0.0,0.0,8
0,0.0,0.0,11.09375,0.0,0.0,0.0,8
0,0.0,0.0,11.25,0.0,0.0,0.0,10
0,0.0,0.0,11.40625,0.0,0.0,0.0,12
0,0.0,0.0,11.5625,0.0,0.0,0.0,12
0,0.0,0.0,11.71875,0.0,0.0,0.0,14
0,0.0,0.0,11.875,0.0,0.0,0.0,18
0,0.0,0.0,12.03125,0.0,0.0,0.0,26
0,0.0,0.0,12.1875,0.0,0.0,0.0,42
0,0.0,0.0,12.34375,0.0,0.0,0.0,65
0,0.0,0.0,12.5,0.0,0.0,0.0,65
0,0.0,0.0,12.65625,0.0,0.0,0.0,65
0,0.0,0.0,12.8125,0.0,0.0,0.0,44
0,0.0,0.0,12.96875,0.0,0.0,0.0,26
0,0.0,0.0,13.125,0.0,0.0,0.0,18
0,0.0,0.0,13.28125,0.0,0.0,0.0,14
0,0.0,0.0,13.4375,0.0,0.0,0.0,12
0,0.0,0.0,13.59375,0.0,0.0,0.0,12
0,0.0,0.0,13.75,0.0,0.0,0.0,10
0,0.0,0.0,13.90625,0.0,0.0,0.0,8
0,0.0,0.0,14.0625,0.0,0.0,0.0,8
0,0.0,0.0,14.21875,0.0,0.0,0.0,8
0,0.0,0.0,14.375,0.0,0.0,0.0,8
0,0.0,0.0,14.53125,0.0,0.0,0.0,8
0,0.0,0.0,14.6875,0.0,0.0,0.0,7
0,0.0,0.0,14.84375,0.0,0.0,0.0,6
0,0.0,0.0,15.0,0.0,0.0,0.0,6
0,0.0,0.0,15.15625,0.0,0.0,0.0,6
0,0.0,0.0,15.3125,0.0,0.0,0.0,8
0,0.0,0.0,15.46875,0.0,0.0,0.0,8
0,0.0,0.0,15.625,0.0,0.0,0.0,8
0,0.0,0.0,15.78125,0.0,0.0,0.0,8
0,0.0,0.0,15.9375,0.0,0.0,0.0,8
0,0.0,0.0,16.09375,0.0,0.0,0.0,8
0,0.0,0.0,16.25,0.0,0.0,0.0,10
0,0.0,0.0,16.40625,0.0,0.0,0.0,12
0,0.0,0.0,16.5625,0.0,0.0,0.0,12
0,0.0,0.0,16.71875,0.0,0.0,0.0,14
0,0.0,0.0,16.875,0.0,0.0,0.0,18
0,0.0,0.0,17.03125,0.0,0.0,0.0,26
0,0.0,0.0,17.1875,0.0,0.0,0.0,44
0,0.0,0.0,17.34375,0.0,0.0,0.0,65
0,0.0,0.0,17.5,0.0,0.0,0.0,65
0,0.0,0.0,17.65625,0.0,0.0,0.0,65
0,0.0,0.0,17.8125,0.0,0.0,0.0,44
0,0.0,0.0,17.96875,0.0,0.0,0.0,26
0,0.0,0.0,18.125,0.0,0.0,0.0,18
0,0.0,0.0,18.28125,0.0,0.0,0.0,14
0,0.0,0.0,18.4375,0.0,0.0,0.0,12
0,0.0,0.0,18.59375,0.0,0.0,0.0,12
0,0.0,0.0,18.75,0.0,0.0,0.0,10
0,0.0,0.0,18.90625,0.0,0.0,0.0,8
0,0.0,0.0,19.0625,0.0,0.0,0.0,8
0,0.0,0.0,19.21875,0.0,0.0,0.0,8
0,0.0,0.0,19.375,0.0,0.0,0.0,8
0,0.0,0.0,19.53125,0.0,0.0,0.0,8
0,0.0,0.0,19.6875,0.0,0.0,0.0,7
0,0.0,0.0,19.84375,0.0,0.0,0.0,6
0,0.0,0.0,20.0,0.0,0.0,0.0,6
0,0.0,0.0,20.15625,0.0,0.0,0.0,6
0,0.0,0.0,20.3125,0.0,0.0,0.0,8
0,0.0,0.0,20.46875,0.0,0.0,0.0,8
0,0.0,0.0,20.625,0.0,0.0,0.0,8
0,0.0,0.0,20.78125,0.0,0.0,0.0,8
0,0.0,0.0,20.9375,0.0,0.0,0.0,8
0,0.0,0.0,21.09375,0.0,0.0,0.0,8
0,0.0,0.0,21.25,0.0,0.0,0.0,10
0,0.0,0.0,21.40625,0.0,0.0,0.0,12
0,0.0,0.0,21.5625,0.0,0.0,0.0,12
0,0.0,0.0,21.71875,0.0,0.0,0.0,14
0,0.0,0.0,21.875,0.0,0.0,0.0,18
0,0.0,0.0,22.03125,0.0,0.0,0.0,26
0,0.0,0.0,22.1875,0.0,0.0,0.0,44
0,0.0,0.0,22.34375,0.0,0.0,0.0,65
0,0.0,0.0,22.5,0.0,0.0,0.0,65
0,0.0,0.0,22.65625,0.0,0.0,0.0,65
0,0.0,0.0,22.8125,0.0,0.0,0.0,44
0,0.0,0.0,22.96875,0.0,0.0,0.0,26
0,0.0,0.0,23.125,0.0,0.0,0.0,18
0,0.0,0.0,23.28125,0.0,0.0,0.0,14
0,0.0,0.0,23.4375,0.0,0.0,0.0,12
0,0.0,0.0,23.59375,0.0,0.0,0.0,12
0,0.0,0.0,23.75,0.0,0.0,0.0,10
0,0.0,0.0,23.90625,0.0,0.0,0.0,8
0,0.0,0.0,24.0625,0.0,0.0,0.0,8
0,0.0,0.0,24.21875,0.0,0.0,0.0,8
0,0.0,0.0,24.375,0.0,0.0,0.0,8
0,0.0,0.0,24.53125,0.0,0.0,0.0,8
0,0.0,0.0,24.6875,0.0,0.0,0.0,7
0,0.0,0.0,24.84375,0.0,0.0,0.0,6
0,0.0,0.0,25.0,0.0,0.0,0.0,6
0,0.0,0.0,25.15625,0.0,0.0,0.0,6
0,0.0,0.0,25.3125,0.0,0.0,0.0,8
0,0.0,0.0,25.46875,0.0,0.0,0.0,8
0,0.0,0.0,25.625,0.0,0.0,0.0,8
0,0.0,0.0,25.78125,0.0,0.0,0.0,8
0,0.0,0.0,25.9375,0.0,0.0,0.0,8
0,0.0,0.0,26.09375,0.0,0.0,0.0,8
0,0.0,0.0,26.25,0.0,0.0,0.0,10
0,0.0,0.0,26.40625,0.0,0.0,0.0,12
0,0.0,0.0,26.5625,0.0,0.0,0.0,12
0,0.0,0.0,26.71875,0.0,0.0,0.0,14
0,0.0,0.0,26.875,0.0,0.0,0.0,18
0,0.0,0.0,27.03125,0.0,0.0,0.0,26
0,0.0,0.0,27.1875,0.0,0.0,0.0,44
0,0.0,0.0,27.34375,0.0,0.0,0.0,65
0,0.0,0.0,27.5,0.0,0.0,0.0,65
0,0.0,0.0,27.65625,0.0,0.0,0.0,65
0,0.0,0.0,27.8125,0.0,0.0,0.0,44
0,0.0,0.0,27.96875,0.0,0.0,0.0,26
0,0.0,0.0,28.125,0.0,0.0,0.0,18
0,0.0,0.0,28.28125,0.0,0.0,0.0,14
0,0.0,0.0,28.4375,0.0,0.0,0.0,12
0,0.0,0.0,28.59375,0.0,0.0,0.0,12
0,0.0,0.0,28.75,0.0,0.0,0.0,10
0,0.0,0.0,28.90625,0.0,0.0,0.0,8
0,0.0,0.0,29.0625,0.0,0.0,0.0,8
0,0.0,0.0,29.21875,0.0,0.0,0.0,8
0,0.0,0.0,29.375,0.0,0.0,0.0,8
0,0.0,0.0,29.53125,0.0,0.0,0.0,8
0,0.0,0.0,29.6875,0.0,0.0,0.0,7
0,0.0,0.0,29.84375,0.0,0.0,0.0,6
0,0.0,0.0,30.0,0.0,0.0,0.0,6
1,0.10000000149011612,0.0009999999776482583,0.0,-0.015987414866685867,-0.017662987112998962,-0.01427955087274313,6
1,0.10000000149011612,0.0009999999776482583,0.15625,-0.01586130866780877,-0.017472051084041595,-0.014234011992812157,6
1,0.10000000149011612,0.0009999999776482583,0.3125,-0.015751939034089446,-0.017305010929703712,-0.014180457219481468,8
1,0.10000000149011612,0.0009999999776482583,0.46875,-0.015625513158738613,-0.01711728423833847,-0.01412464864552021,8
1,0.10000000149011612,0.0009999999776482583,0.625,-0.015497927437536418,-0.01691756583750248,-0.014069710858166218,8
1,0.10000000149011612,0.0009999999776482583,0.78125,-0.015382480574771762,-0.016735181212425232,-0.014022810384631157,8
1,0.10000000149011612,0.0009999999776482583,0.9375,-0.015279681421816349,-0.016563553363084793,-0.0139919463545084,8
1,0.10000000149011612,0.0009999999776482583,1.09375,-0.015190902282483876,-0.016402412205934525,-0.013969261199235916,8
1,0.10000000149011612,0.0009999999776482583,1.25,-0.015117537043988705,-0.016254156827926636,-0.013969413936138153,10
1,0.10000000149011612,0.0009999999776482583,1.40625,-0.015045832454537353,-0.016109785065054893,-0.013959169387817383,12
1,0.10000000149011612,0.0009999999776482583,1.5625,-0.01496266721126934,-0.01596355251967907,-0.013949922285974026,12
1,0.10000000149011612,0.0009999999776482583,1.71875,-0.01488933406238045,-0.015825221315026283,-0.013934258371591568,14
1,0.10000000149011612,0.0009999999776482583,1.875,-0.014818732368035449,-0.015707895159721375,-0.013874423690140247,18
1,0.10000000149011612,0.0009999999776482583,2.03125,-0.014714421811871804,-0.01557511929422617,-0.013802130706608295,26
1,0.10000000149011612,0.0009999999776482583,2.1875,-0.01463213258168914,-0.015496754087507725,-0.013713651336729527,44
1,0.10000000149011612,0.0009999999776482583,2.34375,-0.014526516199111938,-0.015287254005670547,-0.013643268495798111,65
1,0.10000000149011612,0.0009999999776482583,2.5,-0.014397621240753394,-0.015136854723095894,-0.013555951416492462,65
1,0.10000000149011612,0.0009999999776482583,2.65625,-0.01426909133218802,-0.01501817163079977,-0.013449848629534245,65
1,0.10000000149011612,0.0009999999776482583,2.8125,-0.014069507279517975,-0.014825742691755295,-0.013327081687748432,44
1,0.10000000149011612,0.0009999999776482583,2.96875,-0.013911361232973062,-0.014690856449306011,-0.01307108998298645,26
1,0.10000000149011612,0.0009999999776482583,3.125,-0.013774273865338828,-0.014572840183973312,-0.012941800989210606,18
1,0.10000000149011612,0.0009999999776482583,3.28125,-0.013627479252006327,-0.014457423239946365,-0.01277643721550703,14
1,0.10000000149011612,0.0009999999776482583,3.4375,-0.013494691113010049,-0.014369521290063858,-0.012637235224246979,12
1,0.10000000149011612,0.0009999999776482583,3.59375,-0.013358425969878832,-0.014284949749708176,-0.012455943040549755,12
1,0.10000000149011612,0.0009999999776482583,3.75,-0.01321363691240549,-0.014170144684612751,-0.012255602516233921,10
1,0.10000000149011612,0.0009999999776482583,3.90625,-0.013067129184491932,-0.014066287316381931,-0.01207023672759533,8
1,0.10000000149011612,0.0009999999776482583,4.0625,-0.012884579948149621,-0.013920729048550129,-0.011854772455990314,8
1,0.10000000149011612,0.0009999999776482583,4.21875,-0.012667190749198198,-0.013739326037466526,-0.011585609056055546,8
1,0.10000000149011612,0.0009999999776482583,4.375,-0.012414109078235924,-0.013547297567129135,-0.011269127950072289,8
1,0.10000000149011612,0.0009999999776482583,4.53125,-0.01212214061524719,-0.013316993601620197,-0.010898024775087833,8
1,0.10000000149011612,0.0009999999776482583,4.6875,-0.01161721654768501,-0.013029682449996471,-0.010507914237678051,7
1,0.10000000149011612,0.0009999999776482583,4.84375,-0.011407379992306232,-0.012663643807172775,-0.010144887492060661,6
1,0.10000000149011612,0.0009999999776482583,5.0,-0.010981429213037094,-0.012251327745616436,-0.009704498574137688,6
1,0.10000000149011612,0.0009999999776482583,5.15625,-0.010559717503686747,-0.011837124824523926,-0.00928139965981245,6
1,0.10000000149011612,0.0009999999776482583,5.3125,-0.010193182271905243,-0.011487006209790707,-0.008912266232073307,8
1,0.10000000149011612,0.0009999999776482583,5.46875,-0.009868116118013859,-0.01112624816596508,-0.008619026280939579,8
1,0.10000000149011612,0.0009999999776482583,5.625,-0.009586725034750998,-0.010786496102809906,-0.008386182598769665,8
1,0.10000000149011612,0.0009999999776482583,5.78125,-0.009354022913612425,-0.010496784932911396,-0.008206180296838284,8
1,0.10000000149011612,0.0009999999776482583,5.9375,-0.009162925416603684,-0.010261709801852703,-0.008057516068220139,8
1,0.10000000149011612,0.0009999999776482583,6.09375,-0.009013844304718077,-0.010065916925668716,-0.007957180961966515,8
1,0.10000000149011612,0.0009999999776482583,6.25,-0.008907386753708123,-0.009895924478769302,-0.007914231158792973,10
1,0.10000000149011612,0.0009999999776482583,6.40625,-0.008807423834999403,-0.009719646535813808,-0.007865972816944122,12
1,0.10000000149011612,0.0009999999776482583,6.5625,-0.008721268891046444,-0.009584609419107437,-0.007846635766327381,12
1,0.10000000149011612,0.0009999999776482583,6.71875,-0.008642089885792561,-0.009441899135708809,-0.007824461907148361,14
1,0.10000000149011612,0.0009999999776482583,6.875,-0.00855673487401671,-0.009299115277826786,-0.007754302583634853,18
1,0.10000000149011612,0.0009999999776482583,7.03125,-0.008462749081305586,-0.009199662134051323,-0.007673372980207205,26
1,0.10000000149011612,0.0009999999776482583,7.1875,-0.008379984813343202,-0.009210891090333462,-0.007572960574179888,42
1,0.10000000149011612,0.0009999999776482583,7.34375,-0.008284607407851861,-0.009053236804902554,-0.00746529595926404,65
1,0.10000000149011612,0.0009999999776482583,7.5,-0.008155160311322946,-0.008918684907257557,-0.007346688769757748,65
1,0.10000000149011612,0.0009999999776482583,7.65625,-0.008025917690247297,-0.008809336461126804,-0.007193660829216242,65
1,0.10000000149011612,0.0009999999776482583,7.8125,-0.007933556091633032,-0.008706493303179741,-0.007034547161310911,44
1,0.10000000149011612,0.0009999999776482583,7.96875,-0.007841046917467164,-0.008610066026449203,-0.0070929089561104774,26
1,0.10000000149011612,0.0009999999776482583,8.125,-0.007745025834689538,-0.008527317084372044,-0.006993287708610296,18
1,0.10000000149011612,0.0009999999776482583,8.28125,-0.007658376192141857,-0.008451050147414207,-0.006868511904031038,14
1,0.10000000149011612,0.0009999999776482583,8.4375,-0.007578882854431868,-0.008417670615017414,-0.006760678719729185,12
1,0.10000000149011612,0.0009999999776482583,8.59375,-0.00749278247045974,-0.008387355133891106,-0.0066252718679606915,12
1,0.10000000149011612,0.0009999999776482583,8.75,-0.007395625580102205,-0.008325990289449692,-0.006464807782322168,10
1,0.10000000149011612,0.0009999999776482583,8.90625,-0.007296051597222686,-0.008273149840533733,-0.0063242525793612,8
1,0.10000000149011612,0.0009999999776482583,9.0625,-0.007157939777243882,-0.00817371066659689,-0.006150553934276104,8
1,0.10000000149011612,0.0009999999776482583,9.21875,-0.006983604049310088,-0.008034753613173962,-0.005927471909672022,8
1,0.10000000149011612,0.0009999999776482583,9.375,-0.006772614317014813,-0.00788013357669115,-0.005659492686390877,8
1,0.10000000149011612,0.0009999999776482583,9.53125,-0.006522534182295203,-0.007683678530156612,-0.005340500734746456,8
1,0.10000000149011612,0.0009999999776482583,9.6875,-0.006064549088478088,-0.007425826508551836,-0.005000991281121969,7
1,0.10000000149011612,0.0009999999776482583,9.84375,-0.005886810831725597,-0.007084335200488567,-0.004687538370490074,6
1,0.10000000149011612,0.0009999999776482583,10.0,-0.00549868408900996,-0.006694485899060965,-0.004300841595977545,6
1,0.10000000149011612,0.0009999999776482583,10.15625,-0.005111387775590022,-0.00629980256780982,-0.003926339093595743,6
1,0.10000000149011612,0.0009999999776482583,10.3125,-0.004775317938765511,-0.00597351836040616,-0.0035984280984848738,8
1,0.10000000149011612,0.0009999999776482583,10.46875,-0.004475256864679977,-0.005631512496620417,-0.0033371089957654476,8
1,0.10000000149011612,0.0009999999776482583,10.625,-0.0042168669460806996,-0.005310090724378824,-0.0031297458335757256,8
1,0.10000000149011612,0.0009999999776482583,10.78125,-0.0040039902669377625,-0.0050393445417284966,-0.002969462424516678,8
1,0.10000000149011612,0.0009999999776482583,10.9375,-0.0038297131250146776,-0.0048186942003667355,-0.0028346602339297533,8
1,0.10000000149011612,0.0009999999776482583,11.09375,-0.0036947832559235394,-0.004642120096832514,-0.0027436232194304466,8
1,0.10000000149011612,0.0009999999776482583,11.25,-0.003600355121307075,-0.004490361083298922,-0.0027044150047004223,10
1,0.10000000149011612,0.0009999999776482583,11.40625,-0.0035101426959348223,-0.004334812052547932,-0.0026583995204418898,12
1,0.10000000149011612,0.0009999999776482583,11.5625,-0.0034319935560536883,-0.0042080627754330635,-0.00264121126383543,12
1,0.10000000149011612,0.0009999999776482583,11.71875,-0.003361114766448736,-0.004090514965355396,-0.002621043473482132,14
1,0.10000000149011612,0.0009999999776482583,11.875,-0.0032839052146300673,-0.003966334275901318,-0.002554891863837838,18
1,0.10000000149011612,0.0009999999776482583,12.03125,-0.0031969611927007255,-0.0038772167172282934,-0.0024787564761936665,26
1,0.10000000149011612,0.0009999999776482583,12.1875,-0.003121339383402041,-0.003932853229343891,-0.002384019084274769,42
1,0.10000000149011612,0.0009999999776482583,12.34375,-0.0030411843067178358,-0.0037861154414713383,-0.002281738445162773,65
1,0.10000000149011612,0.0009999999776482583,12.5,-0.0029143136890175253,-0.0036447811871767044,-0.002170686610043049,65
1,0.10000000149011612,0.0009999999776482583,12.65625,-0.002787472013957225,-0.0035333933774381876,-0.0020254619885236025,65
1,0.10000000149011612,0.0009999999776482583,12.8125,-0.002716049107468941,-0.003432034980505705,-0.0018829740583896637,44
1,0.10000000149011612,0.0009999999776482583,12.96875,-0.002635647112933489,-0.003336608177050948,-0.0019607888534665108,26
1,0.10000000149011612,0.0009999999776482583,13.125,-0.002548903854201651,-0.0032581861596554518,-0.0018777601653710008,18
1,0.10000000149011612,0.0009999999776482583,13.28125,-0.002472317511481898,-0.0031888338271528482,-0.0017637782730162144,14
1,0.10000000149011612,0.0009999999776482583,13.4375,-0.0024022289629404745,-0.0031645535491406918,-0.0016558831557631493,12
1,0.10000000149011612,0.0009999999776482583,13.59375,-0.0023249095926682153,-0.0031436667777597904,-0.0015330023597925901,12
1,0.10000000149011612,0.0009999999776482583,13.75,-0.002236347307916731,-0.003094235435128212,-0.0013825201895087957,10
1,0.10000000149011612,0.0009999999776482583,13.90625,-0.002145365928299725,-0.0030530805233865976,-0.0012417028192430735,8
1,0.10000000149011612,0.0009999999776482583,14.0625,-0.0020155608362983912,-0.002964208833873272,-0.0010739309946075082,8
1,0.10000000149011612,0.0009999999776482583,14.21875,-0.0018496162665542215,-0.0028363813180476427,-0.0008624291513115168,8
1,0.10000000149011612,0.0009999999776482583,14.375,-0.0016474473886773922,-0.0026901867240667343,-0.0006046127527952194,8
1,0.10000000149011612,0.0009999999776482583,14.53125,-0.001407062492944533,-0.002501208335161209,-0.0002958845579996705,8
1,0.10000000149011612,0.0009999999776482583,14.6875,-0.0009698242255191351,-0.002249143784865737,3.04518125631148e-05,7
1,0.10000000149011612,0.0009999999776482583,14.84375,-0.0007911631788980836,-0.0019110338762402534,0.0003301262913737446,6
1,0.10000000149011612,0.0009999999776482583,15.0,-0.0004087949055247009,-0.0015256023034453392,0.0007084595854394138,6
1,0.10000000149011612,0.0009999999776482583,15.15625,-2.4029305980851252e-05,-0.001134205493144691,0.0010792104294523597,6
1,0.10000000149011612,0.0009999999776482583,15.3125,0.000309840717818588,-0.0008152230293489993,0.0014080069959163666,8
1,0.10000000149011612,0.0009999999776482583,15.46875,0.0006069071750971489,-0.0004795916029252112,0.0016703471774235368,8
1,0.10000000149011612,0.0009999999776482583,15.625,0.0008623830963188084,-0.00016374092956539243,0.0018787244334816933,8
1,0.10000000149011612,0.0009999999776482583,15.78125,0.0010726858063208056,0.00010024870425695553,0.0020413431338965893,8
1,0.10000000149011612,0.0009999999776482583,15.9375,0.0012449825844669249,0.000315613899147138,0.002180319046601653,8
1,0.10000000149011612,0.0009999999776482583,16.09375,0.0013785293194814585,0.0004843698116019368,0.0022762513253837824,8
1,0.10000000149011612,0.0009999999776482583,16.25,0.0014720810810104012,0.0006253721076063812,0.002321962732821703,10
1,0.10000000149011612,0.0009999999776482583,16.40625,0.0015621253260178491,0.0007757447892799973,0.00237467628903687,12
1,0.10000000149011612,0.0009999999776482583,16.5625,0.001640415212023072,0.0008990640635602176,0.0023980161640793085,12
1,0.10000000149011612,0.0009999999776482583,16.71875,0.0017114999271663173,0.001005965401418507,0.002424179343506694,14
1,0.10000000149011612,0.0009999999776482583,16.875,0.001789133672395514,0.0011218328727409244,0.0024945170152932405,18
1,0.10000000149011612,0.0009999999776482583,17.03125,0.001876242731948598,0.0012067529605701566,0.002573481760919094,26
1,0.10000000149011612,0.0009999999776482583,17.1875,0.00195741416643035,0.0011356472969055176,0.0026692068204283714,44
1,0.10000000149011612,0.0009999999776482583,17.34375,0.0020339232242594543,0.001278822892345488,0.0027710432186722755,65
1,0.10000000149011612,0.0009999999776482583,17.5,0.0021595353475556923,0.0014206927735358477,0.0028833160176873207,65
1,0.10000000149011612,0.0009999999776482583,17.65625,0.002285248338459776,0.0015298309735953808,0.0030254845041781664,65
1,0.10000000149011612,0.0009999999776482583,17.8125,0.0023595832727468487,0.001629720674827695,0.0031730453483760357,44
1,0.10000000149011612,0.0009999999776482583,17.96875,0.0024379689219551017,0.0017225282499566674,0.0031166626140475273,26
1,0.10000000149011612,0.0009999999776482583,18.125,0.0025238217656604117,0.0017969916807487607,0.00320457830093801,18
1,0.10000000149011612,0.0009999999776482583,18.28125,0.002599462284706533,0.001861315337009728,0.0033264372032135725,14
1,0.10000000149011612,0.0009999999776482583,18.4375,0.002668767439899966,0.0018791884649544954,0.0034439966548234224,12
1,0.10000000149011612,0.0009999999776482583,18.59375,0.0027454338366320976,0.0018934637773782015,0.003569635096937418,12
1,0.10000000149011612,0.0009999999776482583,18.75,0.0028334871516563,0.001935432548634708,0.0037244493141770363,10
1,0.10000000149011612,0.0009999999776482583,18.90625,0.0029244741599541157,0.001969241304323077,0.003875357797369361,8
1,0.10000000149011612,0.0009999999776482583,19.0625,0.0030548118811566383,0.0020521527621895075,0.004050224553793669,8
1,0.10000000149011612,0.0009999999776482583,19.21875,0.003221871593268588,0.00217463169246912,0.004266673233360052,8
1,0.10000000149011612,0.0009999999776482583,19.375,0.0034258740779478103,0.0023173470981419086,0.00453075859695673,8
1,0.10000000149011612,0.0009999999776482583,19.53125,0.003668400429887697,0.002504405565559864,0.0048446343280375,8
1,0.10000000149011612,0.0009999999776482583,19.6875,0.004119124130478927,0.0027572959661483765,0.005177004728466272,7
1,0.10000000149011612,0.0009999999776482583,19.84375,0.004292892447362344,0.003100380999967456,0.005484144203364849,6
1,0.10000000149011612,0.0009999999776482583,20.0,0.0046809191117063165,0.0034926594235002995,0.005866087973117828,6
1,0.10000000149011612,0.0009999999776482583,20.15625,0.005072009710905452,0.0038930189330130816,0.006241691764444113,6
1,0.10000000149011612,0.0009999999776482583,20.3125,0.005412450002040714,0.004218867048621178,0.006574689410626888,8
1,0.10000000149011612,0.0009999999776482583,20.46875,0.005716660583857447,0.004561889450997114,0.006842955481261015,8
1,0.10000000149011612,0.0009999999776482583,20.625,0.0059795588604174554,0.004886339884251356,0.007058469112962484,8
1,0.10000000149011612,0.0009999999776482583,20.78125,0.006197600800078362,0.0051578255370259285,0.007230134215205908,8
1,0.10000000149011612,0.0009999999776482583,20.9375,0.006377960555255413,0.005384073127061129,0.007379358634352684,8
1,0.10000000149011612,0.0009999999776482583,21.09375,0.0065199132659472525,0.0055587682873010635,0.007486104965209961,8
1,0.10000000149011612,0.0009999999776482583,21.25,0.0066223812289536,0.005699722561985254,0.0075437892228364944,10
1,0.10000000149011612,0.0009999999776482583,21.40625,0.006721421726979315,0.005860557314008474,0.007608778774738312,12
1,0.10000000149011612,0.0009999999776482583,21.5625,0.006808931784083446,0.005996715277433395,0.007641964592039585,12
1,0.10000000149011612,0.0009999999776482583,21.71875,0.006889829146010535,0.006104013882577419,0.007677670102566481,14
1,0.10000000149011612,0.0009999999776482583,21.875,0.0069779019751068615,0.006231117993593216,0.007755419239401817,18
1,0.10000000149011612,0.0009999999776482583,22.03125,0.007074651308357716,0.006332708057016134,0.00783925037831068,26
1,0.10000000149011612,0.0009999999776482583,22.1875,0.007168282775885679,0.006280837580561638,0.007936560548841953,44
1,0.10000000149011612,0.0009999999776482583,22.34375,0.007265693744501242,0.0064408378675580025,0.008040797896683216,65
1,0.10000000149011612,0.0009999999776482583,22.5,0.007394076081422659,0.0065902466885745525,0.008151417598128319,65
1,0.10000000149011612,0.0009999999776482583,22.65625,0.007522723200516059,0.006706736050546169,0.008287342265248299,65
1,0.10000000149011612,0.0009999999776482583,22.8125,0.00761298615146767,0.0068118576891720295,0.008446354418992996,44
1,0.10000000149011612,0.0009999999776482583,22.96875,0.0076980846038518045,0.006910241208970547,0.008434347808361053,26
1,0.10000000149011612,0.0009999999776482583,23.125,0.007791166504224141,0.00698939710855484,0.008533192798495293,18
1,0.10000000149011612,0.0009999999776482583,23.28125,0.007874975413350123,0.00705759460106492,0.008674126118421555,14
1,0.10000000149011612,0.0009999999776482583,23.4375,0.007952588416325549,0.007077254820615053,0.00881681777536869,12
1,0.10000000149011612,0.0009999999776482583,23.59375,0.00803729030303657,0.007093400694429874,0.008951181545853615,12
1,0.10000000149011612,0.0009999999776482583,23.75,0.00813498767092824,0.007137279957532883,0.009126782417297363,10
1,0.10000000149011612,0.0009999999776482583,23.90625,0.008237814530730247,0.007174348924309015,0.009296109899878502,8
1,0.10000000149011612,0.0009999999776482583,24.0625,0.008382065512705594,0.00726578151807189,0.0094904201105237,8
1,0.10000000149011612,0.0009999999776482583,24.21875,0.008565572090446949,0.007400931790471077,0.009721789509057999,8
1,0.10000000149011612,0.0009999999776482583,24.375,0.008789062732830644,0.007561389822512865,0.010005428455770016,8
1,0.10000000149011612,0.0009999999776482583,24.53125,0.009053210378624499,0.007771950215101242,0.010338222607970238,8
1,0.10000000149011612,0.0009999999776482583,24.6875,0.009545285520809037,0.00805690698325634,0.010690110735595226,7
1,0.10000000149011612,0.0009999999776482583,24.84375,0.009736014064401388,0.008443660102784634,0.01102265901863575,6
1,0.10000000149011612,0.0009999999776482583,25.0,0.010159936267882586,0.008886516094207764,0.011425177566707134,6
1,0.10000000149011612,0.0009999999776482583,25.15625,0.010590301516155401,0.009342257864773273,0.011824488639831543,6
1,0.10000000149011612,0.0009999999776482583,25.3125,0.01097104512155056,0.009719492867588997,0.01218364667147398,8
1,0.10000000149011612,0.0009999999776482583,25.46875,0.011317169992253184,0.010114487260580063,0.012482529506087303,8
1,0.10000000149011612,0.0009999999776482583,25.625,0.011622564285062253,0.010492563247680664,0.012732436880469322,8
1,0.10000000149011612,0.0009999999776482583,25.78125,0.011883846600539982,0.010814009234309196,0.01294336561113596,8
1,0.10000000149011612,0.0009999999776482583,25.9375,0.012108423747122288,0.01108779851347208,0.013134511187672615,8
1,0.10000000149011612,0.0009999999776482583,26.09375,0.012296044966205955,0.011305627413094044,0.013288402929902077,8
1,0.10000000149011612,0.0009999999776482583,26.25,0.012446687556803226,0.011492840014398098,0.013398219831287861,10
1,0.10000000149011612,0.0009999999776482583,26.40625,0.012594617592791716,0.01169491745531559,0.013517803512513638,12
1,0.10000000149011612,0.0009999999776482583,26.5625,0.012733554312338432,0.011878144927322865,0.013606419786810875,12
1,0.10000000149011612,0.0009999999776482583,26.71875,0.012868980278394051,0.012018349952995777,0.013697854243218899,14
1,0.10000000149011612,0.0009999999776482583,26.875,0.013018372986051772,0.01218477450311184,0.01381621416658163,18
1,0.10000000149011612,0.0009999999776482583,27.03125,0.013157551570867117,0.01231496874243021,0.013937092386186123,26
1,0.10000000149011612,0.0009999999776482583,27.1875,0.013317871161482552,0.012579822912812233,0.014074633829295635,44
1,0.10000000149011612,0.0009999999776482583,27.34375,0.013519794321977176,0.01270140241831541,0.014272741973400116,65
1,0.10000000149011612,0.0009999999776482583,27.5,0.01364983691332432,0.012807398103177547,0.014392145909368992,65
1,0.10000000149011612,0.0009999999776482583,27.65625,0.01378016653828896,0.012894065119326115,0.014542979188263416,65
1,0.10000000149011612,0.0009999999776482583,27.8125,0.013887368121438405,0.01296348124742508,0.01475529931485653,44
1,0.10000000149011612,0.0009999999776482583,27.96875,0.013969604749805652,0.01305103488266468,0.014836021699011326,26
1,0.10000000149011612,0.0009999999776482583,28.125,0.014074306935071945,0.013121968135237694,0.01497066393494606,18
1,0.10000000149011612,0.0009999999776482583,28.28125,0.01414420608697193,0.013179768808186054,0.015089490450918674,14
1,0.10000000149011612,0.0009999999776482583,28.4375,0.014216507086530328,0.013189904391765594,0.015229303389787674,12
1,0.10000000149011612,0.0009999999776482583,28.59375,0.014298704452812672,0.013195853680372238,0.015377311035990715,12
1,0.10000000149011612,0.0009999999776482583,28.75,0.014367874991148711,0.013199596665799618,0.015523577108979225,10
1,0.10000000149011612,0.0009999999776482583,28.90625,0.014436998055316508,0.013189809396862984,0.015673570334911346,8
1,0.10000000149011612,0.0009999999776482583,29.0625,0.014520236756652594,0.01319900806993246,0.015836596488952637,8
1,0.10000000149011612,0.0009999999776482583,29.21875,0.014614659710787237,0.013208659365773201,0.016010383144021034,8
1,0.10000000149011612,0.0009999999776482583,29.375,0.014720126404426992,0.01322778221219778,0.016194328665733337,8
1,0.10000000149011612,0.0009999999776482583,29.53125,0.014828655170276761,0.013247906230390072,0.016398010775446892,8
1,0.10000000149011612,0.0009999999776482583,29.6875,0.015165324455925397,0.013287868350744247,0.01658773422241211,7
1,0.10000000149011612,0.0009999999776482583,29.84375,0.015060519644369682,0.013348888605833054,0.016753405332565308,6
1,0.10000000149011612,0.0009999999776482583,30.0,0.015185275891174873,0.013395531103014946,0.016945352777838707,6
2,0.20000000298023224,0.0019999999552965165,0.0,-0.031974829733371735,-0.035325974225997925,-0.02855910174548626,6
2,0.20000000298023224,0.0019999999552965165,0.15625,-0.03172261733561754,-0.03494410216808319,-0.028468023985624313,6
2,0.20000000298023224,0.0019999999552965165,0.3125,-0.03150387806817889,-0.034610021859407425,-0.028360914438962936,8
2,0.20000000298023224,0.0019999999552965165,0.46875,-0.031251026317477226,-0.03423456847667694,-0.02824929729104042,8
2,0.20000000298023224,0.0019999999552965165,0.625,-0.030995854875072837,-0.03383513167500496,-0.028139421716332436,8
2,0.20000000298023224,0.0019999999552965165,0.78125,-0.030764961149543524,-0.033470362424850464,-0.028045620769262314,8
2,0.20000000298023224,0.0019999999552965165,0.9375,-0.030559362843632698,-0.033127106726169586,-0.0279838927090168,8
2,0.20000000298023224,0.0019999999552965165,1.09375,-0.03038180456496775,-0.03280482441186905,-0.027938522398471832,8
2,0.20000000298023224,0.0019999999552965165,1.25,-0.03023507408797741,-0.03250831365585327,-0.027938827872276306,10
2,0.20000000298023224,0.0019999999552965165,1.40625,-0.030091664909074705,-0.03221957013010979,-0.027918338775634766,12
2,0.20000000298023224,0.0019999999552965165,1.5625,-0.02992533442253868,-0.03192710503935814,-0.02789984457194805,12
2,0.20000000298023224,0.0019999999552965165,1.71875,-0.0297786681247609,-0.031650442630052567,-0.027868516743183136,14
2,0.20000000298023224,0.0019999999552965165,1.875,-0.029637464736070897,-0.03141579031944275,-0.027748847380280495,18
2,0.20000000298023224,0.0019999999552965165,2.03125,-0.02942884362374361,-0.03115023858845234,-0.02760426141321659,26
2,0.20000000298023224,0.0019999999552965165,2.1875,-0.02926426516337828,-0.03099350817501545,-0.027427302673459053,44
2,0.20000000298023224,0.0019999999552965165,2.34375,-0.029053032398223877,-0.030574508011341095,-0.027286536991596222,65
2,0.20000000298023224,0.0019999999552965165,2.5,-0.028795242481506788,-0.030273709446191788,-0.027111902832984924,65
2,0.20000000298023224,0.0019999999552965165,2.65625,-0.02853818266437604,-0.03003634326159954,-0.02689969725906849,65
2,0.20000000298023224,0.0019999999552965165,2.8125,-0.02813901455903595,-0.02965148538351059,-0.026654163375496864,44
2,0.20000000298023224,0.0019999999552965165,2.96875,-0.027822722465946123,-0.029381712898612022,-0.0261421799659729,26
2,0.20000000298023224,0.0019999999552965165,3.125,-0.027548547730677657,-0.029145680367946625,-0.02588360197842121,18
2,0.20000000298023224,0.0019999999552965165,3.28125,-0.027254958504012654,-0.02891484647989273,-0.02555287443101406,14
2,0.20000000298023224,0.0019999999552965165,3.4375,-0.026989382226020098,-0.028739042580127716,-0.025274470448493958,12
2,0.20000000298023224,0.0019999999552965165,3.59375,-0.026716851939757664,-0.02856989949941635,-0.02491188608109951,12
2,0.20000000298023224,0.0019999999552965165,3.75,-0.02642727382481098,-0.028340289369225502,-0.024511205032467842,10
2,0.20000000298023224,0.0019999999552965165,3.90625,-0.026134258368983865,-0.028132574632763863,-0.02414047345519066,8
2,0.20000000298023224,0.0019999999552965165,4.0625,-0.025769159896299243,-0.027841458097100258,-0.02370954491198063,8
2,0.20000000298023224,0.0019999999552965165,4.21875,-0.025334381498396397,-0.027478652074933052,-0.02317121811211109,8
2,0.20000000298023224,0.0019999999552965165,4.375,-0.02482821815647185,-0.02709459513425827,-0.022538255900144577,8
2,0.20000000298023224,0.0019999999552965165,4.53125,-0.02424428123049438,-0.026633987203240395,-0.021796049550175667,8
2,0.20000000298023224,0.0019999999552965165,4.6875,-0.02323443309537002,-0.026059364899992943,-0.021015828475356102,7
2,0.20000000298023224,0.0019999999552965165,4.84375,-0.022814759984612465,-0.02532728761434555,-0.020289774984121323,6
2,0.20000000298023224,0.0019999999552965165,5.0,-0.021962858426074188,-0.024502655491232872,-0.019408997148275375,6
2,0.20000000298023224,0.0019999999552965165,5.15625,-0.021119435007373493,-0.02367424964904785,-0.0185627993196249,6
2,0.20000000298023224,0.0019999999552965165,5.3125,-0.020386364543810487,-0.022974012419581413,-0.017824532464146614,8
2,0.20000000298023224,0.0019999999552965165,5.46875,-0.019736232236027718,-0.02225249633193016,-0.017238052561879158,8
2,0.20000000298023224,0.0019999999552965165,5.625,-0.019173450069501996,-0.021572992205619812,-0.01677236519753933,8
2,0.20000000298023224,0.0019999999552965165,5.78125,-0.01870804582722485,-0.020993569865822792,-0.016412360593676567,8
2,0.20000000298023224,0.0019999999552965165,5.9375,-0.01832585083320737,-0.020523419603705406,-0.016115032136440277,8
2,0.20000000298023224,0.0019999999552965165,6.09375,-0.018027688609436154,-0.020131833851337433,-0.01591436192393303,8
2,0.20000000298023224,0.0019999999552965165,6.25,-0.017814773507416247,-0.019791848957538605,-0.015828462317585945,10
2,0.20000000298023224,0.0019999999552965165,6.40625,-0.017614847669998806,-0.019439293071627617,-0.015731945633888245,12
2,0.20000000298023224,0.0019999999552965165,6.5625,-0.017442537782092888,-0.019169218838214874,-0.015693271532654762,12
2,0.20000000298023224,0.0019999999552965165,6.71875,-0.017284179771585122,-0.018883798271417618,-0.015648923814296722,14
2,0.20000000298023224,0.0019999999552965165,6.875,-0.01711346974803342,-0.018598230555653572,-0.015508605167269707,18
2,0.20000000298023224,0.0019999999552965165,7.03125,-0.01692549816261117,-0.018399324268102646,-0.01534674596041441,26
2,0.20000000298023224,0.0019999999552965165,7.1875,-0.016759969626686404,-0.018421782180666924,-0.015145921148359776,42
2,0.20000000298023224,0.0019999999552965165,7.34375,-0.016569214815703722,-0.018106473609805107,-0.01493059191852808,65
2,0.20000000298023224,0.0019999999552965165,7.5,-0.016310320622645893,-0.017837369814515114,-0.014693377539515495,65
2,0.20000000298023224,0.0019999999552965165,7.65625,-0.016051835380494595,-0.01761867292225361,-0.014387321658432484,65
2,0.20000000298023224,0.0019999999552965165,7.8125,-0.015867112183266065,-0.017412986606359482,-0.014069094322621822,44
2,0.20000000298023224,0.0019999999552965165,7.96875,-0.015682093834934328,-0.017220132052898407,-0.014185817912220955,26
2,0.20000000298023224,0.0019999999552965165,8.125,-0.015490051669379076,-0.017054634168744087,-0.013986575417220592,18
2,0.20000000298023224,0.0019999999552965165,8.28125,-0.015316752384283714,-0.016902100294828415,-0.013737023808062077,14
2,0.20000000298023224,0.0019999999552965165,8.4375,-0.015157765708863735,-0.016835341230034828,-0.01352135743945837,12
2,0.20000000298023224,0.0019999999552965165,8.59375,-0.01498556494091948,-0.01677471026778221,-0.013250543735921383,12
2,0.20000000298023224,0.0019999999552965165,8.75,-0.01479125116020441,-0.016651980578899384,-0.012929615564644337,10
2,0.20000000298023224,0.0019999999552965165,8.90625,-0.014592103194445372,-0.016546299681067467,-0.0126485051587224,8
2,0.20000000298023224,0.0019999999552965165,9.0625,-0.014315879554487765,-0.01634742133319378,-0.012301107868552208,8
2,0.20000000298023224,0.0019999999552965165,9.21875,-0.013967208098620176,-0.016069507226347923,-0.011854943819344044,8
2,0.20000000298023224,0.0019999999552965165,9.375,-0.013545228634029627,-0.0157602671533823,-0.011318985372781754,8
2,0.20000000298023224,0.0019999999552965165,9.53125,-0.013045068364590406,-0.015367357060313225,-0.010681001469492912,8
2,0.20000000298023224,0.0019999999552965165,9.6875,-0.012129098176956177,-0.014851653017103672,-0.010001982562243938,7
2,0.20000000298023224,0.0019999999552965165,9.84375,-0.011773621663451195,-0.014168670400977135,-0.009375076740980148,6
2,0.20000000298023224,0.0019999999552965165,10.0,-0.01099736817801992,-0.01338897179812193,-0.00860168319195509,6
2,0.20000000298023224,0.0019999999552965165,10.15625,-0.010222775551180044,-0.01259960513561964,-0.007852678187191486,6
2,0.20000000298023224,0.0019999999552965165,10.3125,-0.009550635877531022,-0.01194703672081232,-0.0071968561969697475,8
2,0.20000000298023224,0.0019999999552965165,10.46875,-0.008950513729359955,-0.011263024993240833,-0.006674217991530895,8
2,0.20000000298023224,0.0019999999552965165,10.625,-0.008433733892161399,-0.010620181448757648,-0.006259491667151451,8
2,0.20000000298023224,0.0019999999552965165,10.78125,-0.008007980533875525,-0.010078689083456993,-0.005938924849033356,8
2,0.20000000298023224,0.0019999999552965165,10.9375,-0.007659426250029355,-0.009637388400733471,-0.005669320467859507,8
2,0.20000000298023224,0.0019999999552965165,11.09375,-0.007389566511847079,-0.009284240193665028,-0.005487246438860893,8
2,0.20000000298023224,0.0019999999552965165,11.25,-0.00720071024261415,-0.008980722166597843,-0.005408830009400845,10
2,0.20000000298023224,0.0019999999552965165,11.40625,-0.007020285391869645,-0.008669624105095863,-0.0053167990408837795,12
2,0.20000000298023224,0.0019999999552965165,11.5625,-0.0068639871121073765,-0.008416125550866127,-0.00528242252767086,12
2,0.20000000298023224,0.0019999999552965165,11.71875,-0.006722229532897472,-0.008181029930710793,-0.005242086946964264,14
2,0.20000000298023224,0.0019999999552965165,11.875,-0.006567810429260135,-0.007932668551802635,-0.005109783727675676,18
2,0.20000000298023224,0.0019999999552965165,12.03125,-0.006393922385401451,-0.007754433434456587,-0.004957512952387333,26
2,0.20000000298023224,0.0019999999552965165,12.1875,-0.006242678766804082,-0.007865706458687782,-0.004768038168549538,42
2,0.20000000298023224,0.0019999999552965165,12.34375,-0.0060823686134356715,-0.0075722308829426765,-0.004563476890325546,65
2,0.20000000298023224,0.0019999999552965165,12.5,-0.00582862737087103,-0.007289562374353409,-0.004341373220086098,65
2,0.20000000298023224,0.0019999999552965165,12.65625,-0.00557494402791445,-0.007066786754876375,-0.004050923977047205,65
2,0.20000000298023224,0.0019999999552965165,12.8125,-0.005432098214937882,-0.00686406996101141,-0.0037659481167793274,44
2,0.20000000298023224,0.0019999999552965165,12.96875,-0.005271294225866978,-0.006673216354101896,-0.0039215777069330215,26
2,0.20000000298023224,0.0019999999552965165,13.125,-0.005097807708403302,-0.0065163723193109035,-0.0037555203307420015,18
2,0.20000000298023224,0.0019999999552965165,13.28125,-0.004944635022963796,-0.0063776676543056965,-0.0035275565460324287,14
2,0.20000000298023224,0.0019999999552965165,13.4375,-0.004804457925880949,-0.0063291070982813835,-0.0033117663115262985,12
2,0.20000000298023224,0.0019999999552965165,13.59375,-0.004649819185336431,-0.006287333555519581,-0.0030660047195851803,12
2,0.20000000298023224,0.0019999999552965165,13.75,-0.004472694615833462,-0.006188470870256424,-0.0027650403790175915,10
2,0.20000000298023224,0.0019999999552965165,13.90625,-0.00429073185659945,-0.006106161046773195,-0.002483405638486147,8
2,0.20000000298023224,0.0019999999552965165,14.0625,-0.0040311216725967824,-0.005928417667746544,-0.0021478619892150164,8
2,0.20000000298023224,0.0019999999552965165,14.21875,-0.003699232533108443,-0.005672762636095285,-0.0017248583026230335,8
2,0.20000000298023224,0.0019999999552965165,14.375,-0.0032948947773547843,-0.005380373448133469,-0.0012092255055904388,8
2,0.20000000298023224,0.0019999999552965165,14.53125,-0.002814124985889066,-0.005002416670322418,-0.000591769115999341,8
2,0.20000000298023224,0.0019999999552965165,14.6875,-0.0019396484510382703,-0.004498287569731474,6.09036251262296e-05,7
2,0.20000000298023224,0.0019999999552965165,14.84375,-0.0015823263577961673,-0.003822067752480507,0.0006602525827474892,6
2,0.20000000298023224,0.0019999999552965165,15.0,-0.0008175898110494018,-0.0030512046068906784,0.0014169191708788276,6
2,0.20000000298023224,0.0019999999552965165,15.15625,-4.8058611961702503e-05,-0.002268410986289382,0.0021584208589047194,6
2,0.20000000298023224,0.0019999999552965165,15.3125,0.000619681435637176,-0.0016304460586979985,0.002816013991832733,8
2,0.20000000298023224,0.0019999999552965165,15.46875,0.0012138143501942977,-0.0009591832058504224,0.0033406943548470736,8
2,0.20000000298023224,0.0019999999552965165,15.625,0.0017247661926376168,-0.00032748185913078487,0.0037574488669633865,8
2,0.20000000298023224,0.0019999999552965165,15.78125,0.002145371612641611,0.00020049740851391107,0.0040826862677931786,8
2,0.20000000298023224,0.0019999999552965165,15.9375,0.0024899651689338498,0.000631227798294276,0.004360638093203306,8
2,0.20000000298023224,0.0019999999552965165,16.09375,0.002757058638962917,0.0009687396232038736,0.004552502650767565,8
2,0.20000000298023224,0.0019999999552965165,16.25,0.0029441621620208023,0.0012507442152127624,0.004643925465643406,10
2,0.20000000298023224,0.0019999999552965165,16.40625,0.0031242506520356983,0.0015514895785599947,0.00474935257807374,12
2,0.20000000298023224,0.0019999999552965165,16.5625,0.003280830424046144,0.0017981281271204352,0.004796032328158617,12
2,0.20000000298023224,0.0019999999552965165,16.71875,0.0034229998543326345,0.002011930802837014,0.004848358687013388,14
2,0.20000000298023224,0.0019999999552965165,16.875,0.003578267344791028,0.0022436657454818487,0.004989034030586481,18
2,0.20000000298023224,0.0019999999552965165,17.03125,0.003752485463897196,0.002413505921140313,0.005146963521838188,26
2,0.20000000298023224,0.0019999999552965165,17.1875,0.0039148283328607,0.002271294593811035,0.005338413640856743,44
2,0.20000000298023224,0.0019999999552965165,17.34375,0.004067846448518909,0.002557645784690976,0.005542086437344551,65
2,0.20000000298023224,0.0019999999552965165,17.5,0.004319070695111385,0.0028413855470716953,0.005766632035374641,65
2,0.20000000298023224,0.0019999999552965165,17.65625,0.004570496676919552,0.0030596619471907616,0.006050969008356333,65
2,0.20000000298023224,0.0019999999552965165,17.8125,0.004719166545493697,0.00325944134965539,0.006346090696752071,44
2,0.20000000298023224,0.0019999999552965165,17.96875,0.004875937843910203,0.003445056499913335,0.006233325228095055,26
2,0.20000000298023224,0.0019999999552965165,18.125,0.005047643531320823,0.0035939833614975214,0.00640915660187602,18
2,0.20000000298023224,0.0019999999552965165,18.28125,0.005198924569413066,0.003722630674019456,0.006652874406427145,14
2,0.20000000298023224,0.0019999999552965165,18.4375,0.005337534879799932,0.003758376929908991,0.006887993309646845,12
2,0.20000000298023224,0.0019999999552965165,18.59375,0.005490867673264195,0.003786927554756403,0.007139270193874836,12
2,0.20000000298023224,0.0019999999552965165,18.75,0.0056669743033126,0.003870865097269416,0.007448898628354073,10
2,0.20000000298023224,0.0019999999552965165,18.90625,0.0058489483199082315,0.003938482608646154,0.007750715594738722,8
2,0.20000000298023224,0.0019999999552965165,19.0625,0.0061096237623132765,0.004104305524379015,0.008100449107587337,8
2,0.20000000298023224,0.0019999999552965165,19.21875,0.006443743186537176,0.00434926338493824,0.008533346466720104,8
2,0.20000000298023224,0.0019999999552965165,19.375,0.006851748155895621,0.004634694196283817,0.00906151719391346,8
2,0.20000000298023224,0.0019999999552965165,19.53125,0.007336800859775394,0.005008811131119728,0.009689268656075,8
2,0.20000000298023224,0.0019999999552965165,19.6875,0.008238248260957854,0.005514591932296753,0.010354009456932545,7
2,0.20000000298023224,0.0019999999552965165,19.84375,0.008585784894724688,0.006200761999934912,0.010968288406729698,6
2,0.20000000298023224,0.0019999999552965165,20.0,0.009361838223412633,0.006985318847000599,0.011732175946235657,6
2,0.20000000298023224,0.0019999999552965165,20.15625,0.010144019421810905,0.007786037866026163,0.012483383528888226,6
2,0.20000000298023224,0.0019999999552965165,20.3125,0.010824900004081428,0.008437734097242355,0.013149378821253777,8
2,0.20000000298023224,0.0019999999552965165,20.46875,0.011433321167714894,0.009123778901994228,0.01368591096252203,8
2,0.20000000298023224,0.0019999999552965165,20.625,0.011959117720834911,0.009772679768502712,0.014116938225924969,8
2,0.20000000298023224,0.0019999999552965165,20.78125,0.012395201600156724,0.010315651074051857,0.014460268430411816,8
2,0.20000000298023224,0.0019999999552965165,20.9375,0.012755921110510826,0.010768146254122257,0.014758717268705368,8
2,0.20000000298023224,0.0019999999552965165,21.09375,0.013039826531894505,0.011117536574602127,0.014972209930419922,8
2,0.20000000298023224,0.0019999999552965165,21.25,0.0132447624579072,0.011399445123970509,0.015087578445672989,10
2,0.20000000298023224,0.0019999999552965165,21.40625,0.01344284345395863,0.011721114628016949,0.015217557549476624,12
2,0.20000000298023224,0.0019999999552965165,21.5625,0.013617863568166891,0.01199343055486679,0.01528392918407917,12
2,0.20000000298023224,0.0019999999552965165,21.71875,0.01377965829202107,0.012208027765154839,0.015355340205132961,14
2,0.20000000298023224,0.0019999999552965165,21.875,0.013955803950213723,0.012462235987186432,0.015510838478803635,18
2,0.20000000298023224,0.0019999999552965165,22.03125,0.014149302616715431,0.012665416114032269,0.01567850075662136,26
2,0.20000000298023224,0.0019999999552965165,22.1875,0.014336565551771359,0.012561675161123276,0.015873121097683907,44
2,0.20000000298023224,0.0019999999552965165,22.34375,0.014531387489002484,0.012881675735116005,0.016081595793366432,65
2,0.20000000298023224,0.0019999999552965165,22.5,0.014788152162845318,0.013180493377149105,0.016302835196256638,65
2,0.20000000298023224,0.0019999999552965165,22.65625,0.015045446401032118,0.013413472101092339,0.016574684530496597,65
2,0.20000000298023224,0.0019999999552965165,22.8125,0.01522597230293534,0.013623715378344059,0.016892708837985992,44
2,0.20000000298023224,0.0019999999552965165,22.96875,0.015396169207703609,0.013820482417941093,0.016868695616722107,26
2,0.20000000298023224,0.0019999999552965165,23.125,0.015582333008448282,0.01397879421710968,0.017066385596990585,18
2,0.20000000298023224,0.0019999999552965165,23.28125,0.015749950826700245,0.01411518920212984,0.01734825223684311,14
2,0.20000000298023224,0.0019999999552965165,23.4375,0.015905176832651097,0.014154509641230106,0.01763363555073738,12
2,0.20000000298023224,0.0019999999552965165,23.59375,0.01607458060607314,0.014186801388859749,0.01790236309170723,12
2,0.20000000298023224,0.0019999999552965165,23.75,0.01626997534185648,0.014274559915065765,0.018253564834594727,10
2,0.20000000298023224,0.0019999999552965165,23.90625,0.016475629061460495,0.01434869784861803,0.018592219799757004,8
2,0.20000000298023224,0.0019999999552965165,24.0625,0.01676413102541119,0.01453156303614378,0.0189808402210474,8
2,0.20000000298023224,0.0019999999552965165,24.21875,0.017131144180893898,0.014801863580942154,0.019443579018115997,8
2,0.20000000298023224,0.0019999999552965165,24.375,0.017578125465661287,0.01512277964502573,0.02001085691154003,8
2,0.20000000298023224,0.0019999999552965165,24.53125,0.018106420757248998,0.015543900430202484,0.020676445215940475,8
2,0.20000000298023224,0.0019999999552965165,24.6875,0.019090571041618074,0.01611381396651268,0.021380221471190453,7
2,0.20000000298023224,0.0019999999552965165,24.84375,0.019472028128802776,0.016887320205569267,0.0220453180372715,6
2,0.20000000298023224,0.0019999999552965165,25.0,0.02031987253576517,0.017773032188415527,0.02285035513341427,6
2,0.20000000298023224,0.0019999999552965165,25.15625,0.021180603032310803,0.018684515729546547,0.023648977279663086,6
2,0.20000000298023224,0.0019999999552965165,25.3125,0.02194209024310112,0.019438985735177994,0.02436729334294796,8
2,0.20000000298023224,0.0019999999552965165,25.46875,0.02263433998450637,0.020228974521160126,0.024965059012174606,8
2,0.20000000298023224,0.0019999999552965165,25.625,0.023245128570124507,0.020985126495361328,0.025464873760938644,8
2,0.20000000298023224,0.0019999999552965165,25.78125,0.023767693201079965,0.021628018468618393,0.02588673122227192,8
2,0.20000000298023224,0.0019999999552965165,25.9375,0.024216847494244576,0.02217559702694416,0.02626902237534523,8
2,0.20000000298023224,0.0019999999552965165,26.09375,0.02459208993241191,0.022611254826188087,0.026576805859804153,8
2,0.20000000298023224,0.0019999999552965165,26.25,0.024893375113606453,0.022985680028796196,0.026796439662575722,10
2,0.20000000298023224,0.0019999999552965165,26.40625,0.02518923518558343,0.02338983491063118,0.027035607025027275,12
2,0.20000000298023224,0.0019999999552965165,26.5625,0.025467108624676865,0.02375628985464573,0.02721283957362175,12
2,0.20000000298023224,0.0019999999552965165,26.71875,0.025737960556788102,0.024036699905991554,0.027395708486437798,14
2,0.20000000298023224,0.0019999999552965165,26.875,0.026036745972103544,0.02436954900622368,0.02763242833316326,18
2,0.20000000298023224,0.0019999999552965165,27.03125,0.026315103141734235,0.02462993748486042,0.027874184772372246,26
2,0.20000000298023224,0.0019999999552965165,27.1875,0.026635742322965103,0.025159645825624466,0.02814926765859127,44
2,0.20000000298023224,0.0019999999552965165,27.34375,0.02703958864395435,0.02540280483663082,0.028545483946800232,65
2,0.20000000298023224,0.0019999999552965165,27.5,0.02729967382664864,0.025614796206355095,0.028784291818737984,65
2,0.20000000298023224,0.0019999999552965165,27.65625,0.02756033307657792,0.02578813023865223,0.029085958376526833,65
2,0.20000000298023224,0.0019999999552965165,27.8125,0.02777473624287681,0.02592696249485016,0.02951059862971306,44
2,0.20000000298023224,0.0019999999552965165,27.96875,0.027939209499611303,0.02610206976532936,0.02967204339802265,26
2,0.20000000298023224,0.0019999999552965165,28.125,0.02814861387014389,0.026243936270475388,0.02994132786989212,18
2,0.20000000298023224,0.0019999999552965165,28.28125,0.02828841217394386,0.02635953761637211,0.03017898090183735,14
2,0.20000000298023224,0.0019999999552965165,28.4375,0.028433014173060656,0.02637980878353119,0.030458606779575348,12
2,0.20000000298023224,0.0019999999552965165,28.59375,0.028597408905625343,0.026391707360744476,0.03075462207198143,12
2,0.20000000298023224,0.0019999999552965165,28.75,0.028735749982297422,0.026399193331599236,0.03104715421795845,10
2,0.20000000298023224,0.0019999999552965165,28.90625,0.028873996110633016,0.026379618793725967,0.03134714066982269,8
2,0.20000000298023224,0.0019999999552965165,29.0625,0.029040473513305187,0.02639801613986492,0.03167319297790527,8
2,0.20000000298023224,0.0019999999552965165,29.21875,0.029229319421574473,0.026417318731546402,0.03202076628804207,8
2,0.20000000298023224,0.0019999999552965165,29.375,0.029440252808853984,0.02645556442439556,0.032388657331466675,8
2,0.20000000298023224,0.0019999999552965165,29.53125,0.029657310340553522,0.026495812460780144,0.032796021550893784,8
2,0.20000000298023224,0.0019999999552965165,29.6875,0.030330648911850795,0.026575736701488495,0.03317546844482422,7
2,0.20000000298023224,0.0019999999552965165,29.84375,0.030121039288739365,0.026697777211666107,0.033506810665130615,6
2,0.20000000298023224,0.0019999999552965165,30.0,0.030370551782349747,0.026791062206029892,0.033890705555677414,6
3,0.30000001192092896,0.0030000001192092896,0.0,-0.0479622446000576,-0.05298895761370659,-0.04283865541219711,6
3,0.30000001192092896,0.0030000001192092896,0.15625,-0.047583925227324166,-0.052416153252124786,-0.04270203411579132,6
3,0.30000001192092896,0.0030000001192092896,0.3125,-0.047255816869437695,-0.05191503465175629,-0.042541369795799255,8
3,0.30000001192092896,0.0030000001192092896,0.46875,-0.04687653994187713,-0.05135185271501541,-0.04237394407391548,8
3,0.30000001192092896,0.0030000001192092896,0.625,-0.046493783593177795,-0.05075269937515259,-0.04220913350582123,8
3,0.30000001192092896,0.0030000001192092896,0.78125,-0.04614744149148464,-0.050205543637275696,-0.04206842929124832,8
3,0.30000001192092896,0.0030000001192092896,0.9375,-0.04583904426544905,-0.04969066008925438,-0.04197583720088005,8
3,0.30000001192092896,0.0030000001192092896,1.09375,-0.045572707895189524,-0.04920724034309387,-0.04190778359770775,8
3,0.30000001192092896,0.0030000001192092896,1.25,-0.0453526109457016,-0.04876247048377991,-0.04190824180841446,10
3,0.30000001192092896,0.0030000001192092896,1.40625,-0.0451374975964427,-0.04832935333251953,-0.04187750816345215,12
3,0.30000001192092896,0.0030000001192092896,1.5625,-0.04488800217707952,-0.04789065942168236,-0.0418497659265995,12
3,0.30000001192092896,0.0030000001192092896,1.71875,-0.04466800232018743,-0.047475665807724,-0.041802775114774704,14
3,0.30000001192092896,0.0030000001192092896,1.875,-0.044456196328004204,-0.047123681753873825,-0.04162327200174332,18
3,0.30000001192092896,0.0030000001192092896,2.03125,-0.04414326539979531,-0.04672535881400108,-0.04140639305114746,26
3,0.30000001192092896,0.0030000001192092896,2.1875,-0.043896397575736046,-0.04649026319384575,-0.041140954941511154,44
3,0.30000001192092896,0.0030000001192092896,2.34375,-0.043579548597335815,-0.04586176201701164,-0.04092980548739433,65
3,0.30000001192092896,0.0030000001192092896,2.5,-0.04319286363629194,-0.04541056230664253,-0.040667854249477386,65
3,0.30000001192092896,0.0030000001192092896,2.65625,-0.04280727391059582,-0.045054513961076736,-0.04034954681992531,65
3,0.30000001192092896,0.0030000001192092896,2.8125,-0.04220852145755833,-0.044477228075265884,-0.03998124226927757,44
3,0.30000001192092896,0.0030000001192092896,2.96875,-0.041734084057120174,-0.04407257214188576,-0.03921326994895935,26
3,0.30000001192092896,0.0030000001192092896,3.125,-0.041322821751236916,-0.04371852055191994,-0.03882540389895439,18
3,0.30000001192092896,0.0030000001192092896,3.28125,-0.040882437356880734,-0.043372269719839096,-0.03832931071519852,14
3,0.30000001192092896,0.0030000001192092896,3.4375,-0.04048407357186079,-0.043108563870191574,-0.037911705672740936,12
3,0.30000001192092896,0.0030000001192092896,3.59375,-0.04007527853051821,-0.04285484924912453,-0.03736782819032669,12
3,0.30000001192092896,0.0030000001192092896,3.75,-0.03964091092348099,-0.04251043498516083,-0.03676680848002434,10
3,0.30000001192092896,0.0030000001192092896,3.90625,-0.039201388135552406,-0.04219886288046837,-0.03621071204543114,8
3,0.30000001192092896,0.0030000001192092896,4.0625,-0.03865374065935612,-0.04176218807697296,-0.03556431457400322,8
3,0.30000001192092896,0.0030000001192092896,4.21875,-0.03800157178193331,-0.041217975318431854,-0.03475682809948921,8
3,0.30000001192092896,0.0030000001192092896,4.375,-0.03724232688546181,-0.040641892701387405,-0.033807381987571716,8
3,0.30000001192092896,0.0030000001192092896,4.53125,-0.03636642266064882,-0.039950981736183167,-0.032694075256586075,8
3,0.30000001192092896,0.0030000001192092896,4.6875,-0.03485164951000895,-0.03908904641866684,-0.03152374178171158,7
3,0.30000001192092896,0.0030000001192092896,4.84375,-0.03422213966647784,-0.037990931421518326,-0.030434660613536835,6
3,0.30000001192092896,0.0030000001192092896,5.0,-0.032944287483890854,-0.03675398230552673,-0.029113495722413063,6
3,0.30000001192092896,0.0030000001192092896,5.15625,-0.03167915251106024,-0.03551137447357178,-0.027844199910759926,6
3,0.30000001192092896,0.0030000001192092896,5.3125,-0.030579546466469765,-0.034461017698049545,-0.026736799627542496,8
3,0.30000001192092896,0.0030000001192092896,5.46875,-0.029604348819702864,-0.03337874636054039,-0.02585707977414131,8
3,0.30000001192092896,0.0030000001192092896,5.625,-0.02876017545349896,-0.03235948830842972,-0.02515854686498642,8
3,0.30000001192092896,0.0030000001192092896,5.78125,-0.02806206839159131,-0.03149035573005676,-0.024618539959192276,8
3,0.30000001192092896,0.0030000001192092896,5.9375,-0.027488776249811053,-0.030785130336880684,-0.024172546342015266,8
3,0.30000001192092896,0.0030000001192092896,6.09375,-0.027041532564908266,-0.03019775077700615,-0.023871542885899544,8
3,0.30000001192092896,0.0030000001192092896,6.25,-0.0267221599817276,-0.029687773436307907,-0.023742692545056343,10
3,0.30000001192092896,0.0030000001192092896,6.40625,-0.02642227119455735,-0.02915893867611885,-0.023597918450832367,12
3,0.30000001192092896,0.0030000001192092896,6.5625,-0.02616380698358019,-0.02875382825732231,-0.023539908230304718,12
3,0.30000001192092896,0.0030000001192092896,6.71875,-0.025926269723900726,-0.028325697407126427,-0.023473385721445084,14
3,0.30000001192092896,0.0030000001192092896,6.875,-0.025670204725530412,-0.027897346764802933,-0.023262906819581985,18
3,0.30000001192092896,0.0030000001192092896,7.03125,-0.025388246975266017,-0.02759898640215397,-0.023020118474960327,26
3,0.30000001192092896,0.0030000001192092896,7.1875,-0.025139954340245043,-0.02763267420232296,-0.02271888218820095,42
3,0.30000001192092896,0.0030000001192092896,7.34375,-0.024853822474296277,-0.027159711346030235,-0.022395888343453407,65
3,0.30000001192092896,0.0030000001192092896,7.5,-0.02446548081934452,-0.026756055653095245,-0.02204006537795067,65
3,0.30000001192092896,0.0030000001192092896,7.65625,-0.024077752862985316,-0.026428010314702988,-0.021580982953310013,65
3,0.30000001192092896,0.0030000001192092896,7.8125,-0.02380066809498451,-0.026119478046894073,-0.021103641018271446,44
3,0.30000001192092896,0.0030000001192092896,7.96875,-0.023523140770311538,-0.02583019994199276,-0.021278727799654007,26
3,0.30000001192092896,0.0030000001192092896,8.125,-0.02323507745232847,-0.025581952184438705,-0.0209798626601696,18
3,0.30000001192092896,0.0030000001192092896,8.28125,-0.02297512841011797,-0.025353150442242622,-0.020605534315109253,14
3,0.30000001192092896,0.0030000001192092896,8.4375,-0.022736648563295603,-0.025253010913729668,-0.020282035693526268,12
3,0.30000001192092896,0.0030000001192092896,8.59375,-0.02247834795465072,-0.025162065401673317,-0.019875817000865936,12
3,0.30000001192092896,0.0030000001192092896,8.75,-0.022186876647174357,-0.024977970868349075,-0.019394423812627792,10
3,0.30000001192092896,0.0030000001192092896,8.90625,-0.021888154791668057,-0.024819450452923775,-0.01897275820374489,8
3,0.30000001192092896,0.0030000001192092896,9.0625,-0.021473818691447377,-0.024521131068468094,-0.018451660871505737,8
3,0.30000001192092896,0.0030000001192092896,9.21875,-0.02095081191509962,-0.02410426177084446,-0.017782416194677353,8
3,0.30000001192092896,0.0030000001192092896,9.375,-0.02031784364953637,-0.023640401661396027,-0.01697847805917263,8
3,0.30000001192092896,0.0030000001192092896,9.53125,-0.019567602314054966,-0.023051034659147263,-0.016021501272916794,8
3,0.30000001192092896,0.0030000001192092896,9.6875,-0.018193647398480346,-0.022277479991316795,-0.01500297337770462,7
3,0.30000001192092896,0.0030000001192092896,9.84375,-0.017660432495176792,-0.021253006532788277,-0.014062615111470222,6
3,0.30000001192092896,0.0030000001192092896,10.0,-0.016496052034199238,-0.020083457231521606,-0.012902525253593922,6
3,0.30000001192092896,0.0030000001192092896,10.15625,-0.015334163481990496,-0.018899407237768173,-0.011779016815125942,6
3,0.30000001192092896,0.0030000001192092896,10.3125,-0.014325954020023346,-0.01792055368423462,-0.010795284993946552,8
3,0.30000001192092896,0.0030000001192092896,10.46875,-0.013425770914182067,-0.016894537955522537,-0.010011326521635056,8
3,0.30000001192092896,0.0030000001192092896,10.625,-0.01265060086734593,-0.01593027263879776,-0.009389237500727177,8
3,0.30000001192092896,0.0030000001192092896,10.78125,-0.012011970742605627,-0.01511803362518549,-0.008908387273550034,8
3,0.30000001192092896,0.0030000001192092896,10.9375,-0.011489139520563185,-0.014456083066761494,-0.008503980934619904,8
3,0.30000001192092896,0.0030000001192092896,11.09375,-0.011084349942393601,-0.013926360756158829,-0.00823086965829134,8
3,0.30000001192092896,0.0030000001192092896,11.25,-0.010801065247505903,-0.013471082784235477,-0.00811324454843998,10
3,0.30000001192092896,0.0030000001192092896,11.40625,-0.010530428184817234,-0.01300443708896637,-0.007975198328495026,12
3,0.30000001192092896,0.0030000001192092896,11.5625,-0.010295980765173832,-0.012624189257621765,-0.00792363379150629,12
3,0.30000001192092896,0.0030000001192092896,11.71875,-0.010083344299346209,-0.012271544896066189,-0.007863130420446396,14
3,0.30000001192092896,0.0030000001192092896,11.875,-0.00985171552747488,-0.011899001896381378,-0.007664675824344158,18
3,0.30000001192092896,0.0030000001192092896,12.03125,-0.009590883560192127,-0.011631650850176811,-0.007436269894242287,26
3,0.30000001192092896,0.0030000001192092896,12.1875,-0.00936401817238047,-0.011798559688031673,-0.007152057718485594,42
3,0.30000001192092896,0.0030000001192092896,12.34375,-0.009123552862841349,-0.011358345858752728,-0.006845215335488319,65
3,0.30000001192092896,0.0030000001192092896,12.5,-0.008742941106454684,-0.010934343561530113,-0.006512060295790434,65
3,0.30000001192092896,0.0030000001192092896,12.65625,-0.008362416049035697,-0.010600179433822632,-0.006076385732740164,65
3,0.30000001192092896,0.0030000001192092896,12.8125,-0.008148147322406823,-0.010296105407178402,-0.005648922175168991,44
3,0.30000001192092896,0.0030000001192092896,12.96875,-0.007906941320890417,-0.0100098242983222,-0.005882366560399532,26
3,0.30000001192092896,0.0030000001192092896,13.125,-0.007646711569072472,-0.009774559177458286,-0.005633280612528324,18
3,0.30000001192092896,0.0030000001192092896,13.28125,-0.007416952600968736,-0.009566501714289188,-0.005291334819048643,14
3,0.30000001192092896,0.0030000001192092896,13.4375,-0.007206686811211209,-0.009493660181760788,-0.004967649467289448,12
3,0.30000001192092896,0.0030000001192092896,13.59375,-0.006974728778004646,-0.009430999867618084,-0.004599007312208414,12
3,0.30000001192092896,0.0030000001192092896,13.75,-0.006709041818976402,-0.009282706305384636,-0.0041475603356957436,10
3,0.30000001192092896,0.0030000001192092896,13.90625,-0.006436097668483853,-0.009159241802990437,-0.0037251082248985767,8
3,0.30000001192092896,0.0030000001192092896,14.0625,-0.006046682479791343,-0.008892626501619816,-0.0032217928674072027,8
3,0.30000001192092896,0.0030000001192092896,14.21875,-0.0055488487996626645,-0.008509144186973572,-0.0025872874539345503,8
3,0.30000001192092896,0.0030000001192092896,14.375,-0.004942342304275371,-0.008070560172200203,-0.0018138382583856583,8
3,0.30000001192092896,0.0030000001192092896,14.53125,-0.004221187467919663,-0.007503625005483627,-0.0008876536739990115,8
3,0.30000001192092896,0.0030000001192092896,14.6875,-0.002909472575993277,-0.006747431121766567,9.13554395083338e-05,7
3,0.30000001192092896,0.0030000001192092896,14.84375,-0.002373489512441059,-0.00573310162872076,0.0009903789032250643,6
3,0.30000001192092896,0.0030000001192092896,15.0,-0.0012263847359766562,-0.004576806910336018,0.0021253786981105804,6
3,0.30000001192092896,0.0030000001192092896,15.15625,-7.208789854000013e-05,-0.003402616595849395,0.003237631404772401,6
3,0.30000001192092896,0.0030000001192092896,15.3125,0.0009295221534557641,-0.002445668913424015,0.0042240209877491,8
3,0.30000001192092896,0.0030000001192092896,15.46875,0.0018207215616712347,-0.0014387747505679727,0.005011041648685932,8
3,0.30000001192092896,0.0030000001192092896,15.625,0.002587149298051372,-0.0004912227741442621,0.00563617330044508,8
3,0.30000001192092896,0.0030000001192092896,15.78125,0.0032180574198719114,0.0003007461200468242,0.006124029401689768,8
3,0.30000001192092896,0.0030000001192092896,15.9375,0.0037349477352108806,0.0009468416683375835,0.006540957372635603,8
3,0.30000001192092896,0.0030000001192092896,16.09375,0.004135587936616503,0.0014531094348058105,0.0068287537433207035,8
3,0.30000001192092896,0.0030000001192092896,16.25,0.004416243173182011,0.0018761162646114826,0.0069658877328038216,10
3,0.30000001192092896,0.0030000001192092896,16.40625,0.0046863759829041856,0.0023272342514246702,0.007124029099941254,12
3,0.30000001192092896,0.0030000001192092896,16.5625,0.004921245660322408,0.002697192132472992,0.007194048725068569,12
3,0.30000001192092896,0.0030000001192092896,16.71875,0.0051344997981297115,0.0030178960878401995,0.007272538263350725,14
3,0.30000001192092896,0.0030000001192092896,16.875,0.005367400926641292,0.0033654985018074512,0.007483550813049078,18
3,0.30000001192092896,0.0030000001192092896,17.03125,0.005628728254053455,0.003620258765295148,0.007720445282757282,26
3,0.30000001192092896,0.0030000001192092896,17.1875,0.005872242459604008,0.0034069418907165527,0.008007620461285114,44
3,0.30000001192092896,0.0030000001192092896,17.34375,0.006101769685315398,0.0038364685606211424,0.008313129656016827,65
3,0.30000001192092896,0.0030000001192092896,17.5,0.0064786060569951166,0.004262078087776899,0.008649948053061962,65
3,0.30000001192092896,0.0030000001192092896,17.65625,0.006855744990305258,0.004589492920786142,0.009076452814042568,65
3,0.30000001192092896,0.0030000001192092896,17.8125,0.007078749815594743,0.004889161791652441,0.009519136510789394,44
3,0.30000001192092896,0.0030000001192092896,17.96875,0.007313906752432768,0.005167584866285324,0.009349987842142582,26
3,0.30000001192092896,0.0030000001192092896,18.125,0.007571465232306057,0.005390975158661604,0.009613734669983387,18
3,0.30000001192092896,0.0030000001192092896,18.28125,0.007798386870750359,0.005583946127444506,0.009979311376810074,14
3,0.30000001192092896,0.0030000001192092896,18.4375,0.008006302329401175,0.00563756562769413,0.010331990197300911,12
3,0.30000001192092896,0.0030000001192092896,18.59375,0.008236301441987356,0.005680391099303961,0.010708905756473541,12
3,0.30000001192092896,0.0030000001192092896,18.75,0.008500461420044302,0.005806297529488802,0.011173347942531109,10
3,0.30000001192092896,0.0030000001192092896,18.90625,0.008773422392550856,0.005907723680138588,0.011626073159277439,8
3,0.30000001192092896,0.0030000001192092896,19.0625,0.009164435497950763,0.006156458053737879,0.012150674127042294,8
3,0.30000001192092896,0.0030000001192092896,19.21875,0.009665614925324917,0.00652389507740736,0.012800019234418869,8
3,0.30000001192092896,0.0030000001192092896,19.375,0.010277622262947261,0.006952041294425726,0.01359227579087019,8
3,0.30000001192092896,0.0030000001192092896,19.53125,0.011005201085936278,0.007513216696679592,0.014533903449773788,8
3,0.30000001192092896,0.0030000001192092896,19.6875,0.012357372125344617,0.00827188789844513,0.015531014651060104,7
3,0.30000001192092896,0.0030000001192092896,19.84375,0.012878677186866602,0.009301142767071724,0.016452431678771973,6
3,0.30000001192092896,0.0030000001192092896,20.0,0.014042757296313843,0.010477978736162186,0.017598263919353485,6
3,0.30000001192092896,0.0030000001192092896,20.15625,0.01521602924913168,0.011679057031869888,0.01872507482767105,6
3,0.30000001192092896,0.0030000001192092896,20.3125,0.016237350064329803,0.012656600214540958,0.01972406730055809,8
3,0.30000001192092896,0.0030000001192092896,20.46875,0.017149982042610645,0.01368566881865263,0.020528865978121758,8
3,0.30000001192092896,0.0030000001192092896,20.625,0.01793867675587535,0.014659019187092781,0.021175408735871315,8
3,0.30000001192092896,0.0030000001192092896,20.78125,0.018592802458442748,0.015473476611077785,0.021690402179956436,8
3,0.30000001192092896,0.0030000001192092896,20.9375,0.01913388166576624,0.016152219846844673,0.022138075903058052,8
3,0.30000001192092896,0.0030000001192092896,21.09375,0.019559740088880062,0.01667630486190319,0.022458314895629883,8
3,0.30000001192092896,0.0030000001192092896,21.25,0.019867143593728542,0.01709916815161705,0.022631367668509483,10
3,0.30000001192092896,0.0030000001192092896,21.40625,0.020164265142132837,0.017581671476364136,0.022826336324214935,12
3,0.30000001192092896,0.0030000001192092896,21.5625,0.020426795662691195,0.017990145832300186,0.02292589470744133,12
3,0.30000001192092896,0.0030000001192092896,21.71875,0.020669487438031604,0.018312040716409683,0.023033009842038155,14
3,0.30000001192092896,0.0030000001192092896,21.875,0.020933705899450514,0.018693353980779648,0.023266257718205452,18
3,0.30000001192092896,0.0030000001192092896,22.03125,0.021223954139993742,0.018998123705387115,0.023517750203609467,26
3,0.30000001192092896,0.0030000001192092896,22.1875,0.021504848221824927,0.018842512741684914,0.023809680715203285,44
3,0.30000001192092896,0.0030000001192092896,22.34375,0.021797081312307946,0.019322514533996582,0.024122394621372223,65
3,0.30000001192092896,0.0030000001192092896,22.5,0.022182228272924057,0.01977073960006237,0.024454252794384956,65
3,0.30000001192092896,0.0030000001192092896,22.65625,0.022568169780648673,0.020120209082961082,0.024862026795744896,65
3,0.30000001192092896,0.0030000001192092896,22.8125,0.022838958581401544,0.020435573533177376,0.02533906325697899,44
3,0.30000001192092896,0.0030000001192092896,22.96875,0.023094254044386055,0.020730722695589066,0.02530304528772831,26
3,0.30000001192092896,0.0030000001192092896,23.125,0.02337349930571185,0.02096819132566452,0.025599578395485878,18
3,0.30000001192092896,0.0030000001192092896,23.28125,0.023624926273311888,0.02117278426885605,0.026022378355264664,14
3,0.30000001192092896,0.0030000001192092896,23.4375,0.02385776536539197,0.021231764927506447,0.02645045332610607,12
3,0.30000001192092896,0.0030000001192092896,23.59375,0.024111870676279068,0.02128020115196705,0.026853544637560844,12
3,0.30000001192092896,0.0030000001192092896,23.75,0.02440496291965246,0.021411839872598648,0.02738034725189209,10
3,0.30000001192092896,0.0030000001192092896,23.90625,0.024713443592190742,0.021523047238588333,0.027888329699635506,8
3,0.30000001192092896,0.0030000001192092896,24.0625,0.025146196130663157,0.021797344088554382,0.028471261262893677,8
3,0.30000001192092896,0.0030000001192092896,24.21875,0.025696716271340847,0.02220279537141323,0.029165370389819145,8
3,0.30000001192092896,0.0030000001192092896,24.375,0.026367188431322575,0.022684169933199883,0.030016284435987473,8
3,0.30000001192092896,0.0030000001192092896,24.53125,0.027159631019458175,0.023315850645303726,0.031014667823910713,8
3,0.30000001192092896,0.0030000001192092896,24.6875,0.028635856562427113,0.02417071908712387,0.0320703350007534,7
3,0.30000001192092896,0.0030000001192092896,24.84375,0.02920804296930631,0.025330981239676476,0.0330679789185524,6
3,0.30000001192092896,0.0030000001192092896,25.0,0.030479808027545612,0.026659546419978142,0.03427553176879883,6
3,0.30000001192092896,0.0030000001192092896,25.15625,0.03177090516934792,0.028026774525642395,0.03547346591949463,6
3,0.30000001192092896,0.0030000001192092896,25.3125,0.03291313466615975,0.02915847860276699,0.036550939083099365,8
3,0.30000001192092896,0.0030000001192092896,25.46875,0.033951509511098266,0.03034345991909504,0.03744758665561676,8
3,0.30000001192092896,0.0030000001192092896,25.625,0.034867693204432726,0.03147768974304199,0.03819730877876282,8
3,0.30000001192092896,0.0030000001192092896,25.78125,0.03565153945237398,0.03244202584028244,0.038830097764730453,8
3,0.30000001192092896,0.0030000001192092896,25.9375,0.03632527217268944,0.033263396471738815,0.039403535425662994,8
3,0.30000001192092896,0.0030000001192092896,26.09375,0.036888135597109795,0.033916883170604706,0.03986521065235138,8
3,0.30000001192092896,0.0030000001192092896,26.25,0.037340061739087105,0.03447852283716202,0.04019465669989586,10
3,0.30000001192092896,0.0030000001192092896,26.40625,0.03778385308881601,0.03508475422859192,0.04055340960621834,12
3,0.30000001192092896,0.0030000001192092896,26.5625,0.03820066309223572,0.03563443571329117,0.040819261223077774,12
3,0.30000001192092896,0.0030000001192092896,26.71875,0.03860694116779736,0.036055050790309906,0.04109356552362442,14
3,0.30000001192092896,0.0030000001192092896,26.875,0.03905511895815531,0.03655432537198067,0.04144864156842232,18
3,0.30000001192092896,0.0030000001192092896,27.03125,0.039472655178262636,0.036944907158613205,0.041811276227235794,26
3,0.30000001192092896,0.0030000001192092896,27.1875,0.039953613484447655,0.03773947060108185,0.04222390428185463,44
3,0.30000001192092896,0.0030000001192092896,27.34375,0.04055938296593153,0.03810420632362366,0.04281822592020035,65
3,0.30000001192092896,0.0030000001192092896,27.5,0.040949510782957076,0.03842219337821007,0.04317643865942955,65
3,0.30000001192092896,0.0030000001192092896,27.65625,0.041340499657851,0.03868219628930092,0.043628938496112823,65
3,0.30000001192092896,0.0030000001192092896,27.8125,0.04166210425848311,0.03889044374227524,0.04426589608192444,44
3,0.30000001192092896,0.0030000001192092896,27.96875,0.04190881435687725,0.03915310651063919,0.04450806602835655,26
3,0.30000001192092896,0.0030000001192092896,28.125,0.04222292059825526,0.03936590254306793,0.04491199180483818,18
3,0.30000001192092896,0.0030000001192092896,28.28125,0.042432618992669244,0.03953930735588074,0.0452684722840786,14
3,0.30000001192092896,0.0030000001192092896,28.4375,0.04264952180286249,0.03956971317529678,0.04568791016936302,12
3,0.30000001192092896,0.0030000001192092896,28.59375,0.04289611397931973,0.039587561041116714,0.046131931245326996,12
3,0.30000001192092896,0.0030000001192092896,28.75,0.04310362450778484,0.03959878906607628,0.046570729464292526,10
3,0.30000001192092896,0.0030000001192092896,28.90625,0.043310994282364845,0.0395694263279438,0.04702071100473404,8
3,0.30000001192092896,0.0030000001192092896,29.0625,0.043560709804296494,0.03959702327847481,0.04750978946685791,8
3,0.30000001192092896,0.0030000001192092896,29.21875,0.04384397901594639,0.039625976234674454,0.04803115129470825,8
3,0.30000001192092896,0.0030000001192092896,29.375,0.044160380493849516,0.03968334570527077,0.04858298972249031,8
3,0.30000001192092896,0.0030000001192092896,29.53125,0.044485964346677065,0.03974371775984764,0.049194030463695526,8
3,0.30000001192092896,0.0030000001192092896,29.6875,0.04549597416605268,0.03986360505223274,0.04976320266723633,7
3,0.30000001192092896,0.0030000001192092896,29.84375,0.04518155939877033,0.04004666581749916,0.05026021599769592,6
3,0.30000001192092896,0.0030000001192092896,30.0,0.04555582751830419,0.04018659517168999,0.05083606019616127,6
4,0.4000000059604645,0.003999999910593033,0.0,-0.06394965946674347,-0.07065194845199585,-0.05711820349097252,6
4,0.4000000059604645,0.003999999910593033,0.15625,-0.06344523467123508,-0.06988820433616638,-0.05693604797124863,6
4,0.4000000059604645,0.003999999910593033,0.3125,-0.06300775613635778,-0.06922004371881485,-0.05672182887792587,8
4,0.4000000059604645,0.003999999910593033,0.46875,-0.06250205263495445,-0.06846913695335388,-0.05649859458208084,8
4,0.4000000059604645,0.003999999910593033,0.625,-0.061991709750145674,-0.06767026335000992,-0.05627884343266487,8
4,0.4000000059604645,0.003999999910593033,0.78125,-0.06152992229908705,-0.06694072484970093,-0.05609124153852463,8
4,0.4000000059604645,0.003999999910593033,0.9375,-0.061118725687265396,-0.06625421345233917,-0.0559677854180336,8
4,0.4000000059604645,0.003999999910593033,1.09375,-0.0607636091299355,-0.0656096488237381,-0.055877044796943665,8
4,0.4000000059604645,0.003999999910593033,1.25,-0.06047014817595482,-0.06501662731170654,-0.05587765574455261,10
4,0.4000000059604645,0.003999999910593033,1.40625,-0.06018332981814941,-0.06443914026021957,-0.05583667755126953,12
4,0.4000000059604645,0.003999999910593033,1.5625,-0.05985066884507736,-0.06385421007871628,-0.0557996891438961,12
4,0.4000000059604645,0.003999999910593033,1.71875,-0.0595573362495218,-0.06330088526010513,-0.05573703348636627,14
4,0.4000000059604645,0.003999999910593033,1.875,-0.059274929472141795,-0.0628315806388855,-0.05549769476056099,18
4,0.4000000059604645,0.003999999910593033,2.03125,-0.05885768724748722,-0.06230047717690468,-0.05520852282643318,26
4,0.4000000059604645,0.003999999910593033,2.1875,-0.05852853032675656,-0.0619870163500309,-0.054854605346918106,44
4,0.4000000059604645,0.003999999910593033,2.34375,-0.058106064796447754,-0.06114901602268219,-0.054573073983192444,65
4,0.4000000059604645,0.003999999910593033,2.5,-0.057590484963013576,-0.060547418892383575,-0.05422380566596985,65
4,0.4000000059604645,0.003999999910593033,2.65625,-0.05707636532875208,-0.06007268652319908,-0.05379939451813698,65
4,0.4000000059604645,0.003999999910593033,2.8125,-0.0562780291180719,-0.05930297076702118,-0.05330832675099373,44
4,0.4000000059604645,0.003999999910593033,2.96875,-0.055645444931892246,-0.058763425797224045,-0.0522843599319458,26
4,0.4000000059604645,0.003999999910593033,3.125,-0.055097095461355314,-0.05829136073589325,-0.05176720395684242,18
4,0.4000000059604645,0.003999999910593033,3.28125,-0.05450991700802531,-0.05782969295978546,-0.05110574886202812,14
4,0.4000000059604645,0.003999999910593033,3.4375,-0.053978764452040195,-0.05747808516025543,-0.050548940896987915,12
4,0.4000000059604645,0.003999999910593033,3.59375,-0.05343370387951533,-0.0571397989988327,-0.04982377216219902,12
4,0.4000000059604645,0.003999999910593033,3.75,-0.05285454764962196,-0.056680578738451004,-0.049022410064935684,10
4,0.4000000059604645,0.003999999910593033,3.90625,-0.05226851673796773,-0.056265149265527725,-0.04828094691038132,8
4,0.4000000059604645,0.003999999910593033,4.0625,-0.051538319792598486,-0.055682916194200516,-0.04741908982396126,8
4,0.4000000059604645,0.003999999910593033,4.21875,-0.05066876299679279,-0.054957304149866104,-0.04634243622422218,8
4,0.4000000059604645,0.003999999910593033,4.375,-0.0496564363129437,-0.05418919026851654,-0.045076511800289154,8
4,0.4000000059604645,0.003999999910593033,4.53125,-0.04848856246098876,-0.05326797440648079,-0.043592099100351334,8
4,0.4000000059604645,0.003999999910593033,4.6875,-0.04646886619074004,-0.052118729799985886,-0.042031656950712204,7
4,0.4000000059604645,0.003999999910593033,4.84375,-0.04562951996922493,-0.0506545752286911,-0.040579549968242645,6
4,0.4000000059604645,0.003999999910593033,5.0,-0.043925716852148376,-0.049005310982465744,-0.03881799429655075,6
4,0.4000000059604645,0.003999999910593033,5.15625,-0.042238870014746986,-0.0473484992980957,-0.0371255986392498,6
4,0.4000000059604645,0.003999999910593033,5.3125,-0.040772729087620974,-0.04594802483916283,-0.03564906492829323,8
4,0.4000000059604645,0.003999999910593033,5.46875,-0.039472464472055435,-0.04450499266386032,-0.034476105123758316,8
4,0.4000000059604645,0.003999999910593033,5.625,-0.03834690013900399,-0.043145984411239624,-0.03354473039507866,8
4,0.4000000059604645,0.003999999910593033,5.78125,-0.0374160916544497,-0.041987139731645584,-0.032824721187353134,8
4,0.4000000059604645,0.003999999910593033,5.9375,-0.03665170166641474,-0.04104683920741081,-0.032230064272880554,8
4,0.4000000059604645,0.003999999910593033,6.09375,-0.03605537721887231,-0.040263667702674866,-0.03182872384786606,8
4,0.4000000059604645,0.003999999910593033,6.25,-0.035629547014832494,-0.03958369791507721,-0.03165692463517189,10
4,0.4000000059604645,0.003999999910593033,6.40625,-0.03522969533999761,-0.038878586143255234,-0.03146389126777649,12
4,0.4000000059604645,0.003999999910593033,6.5625,-0.034885075564185776,-0.03833843767642975,-0.031386543065309525,12
4,0.4000000059604645,0.003999999910593033,6.71875,-0.034568359543170245,-0.037767596542835236,-0.031297847628593445,14
4,0.4000000059604645,0.003999999910593033,6.875,-0.03422693949606684,-0.037196461111307144,-0.031017210334539413,18
4,0.4000000059604645,0.003999999910593033,7.03125,-0.03385099632522234,-0.03679864853620529,-0.03069349192082882,26
4,0.4000000059604645,0.003999999910593033,7.1875,-0.03351993925337281,-0.03684356436133385,-0.03029184229671955,42
4,0.4000000059604645,0.003999999910593033,7.34375,-0.033138429631407444,-0.036212947219610214,-0.02986118383705616,65
4,0.4000000059604645,0.003999999910593033,7.5,-0.032620641245291786,-0.03567473962903023,-0.02938675507903099,65
4,0.4000000059604645,0.003999999910593033,7.65625,-0.03210367076098919,-0.03523734584450722,-0.028774643316864967,65
4,0.4000000059604645,0.003999999910593033,7.8125,-0.03173422436653213,-0.034825973212718964,-0.028138188645243645,44
4,0.4000000059604645,0.003999999910593033,7.96875,-0.031364187669868655,-0.034440264105796814,-0.02837163582444191,26
4,0.4000000059604645,0.003999999910593033,8.125,-0.030980103338758152,-0.034109268337488174,-0.027973150834441185,18
4,0.4000000059604645,0.003999999910593033,8.28125,-0.030633504768567427,-0.03380420058965683,-0.027474047616124153,14
4,0.4000000059604645,0.003999999910593033,8.4375,-0.03031553141772747,-0.033670682460069656,-0.02704271487891674,12
4,0.4000000059604645,0.003999999910593033,8.59375,-0.02997112988183896,-0.03354942053556442,-0.026501087471842766,12
4,0.4000000059604645,0.003999999910593033,8.75,-0.02958250232040882,-0.03330396115779877,-0.025859231129288673,10
4,0.4000000059604645,0.003999999910593033,8.90625,-0.029184206388890743,-0.033092599362134933,-0.0252970103174448,8
4,0.4000000059604645,0.003999999910593033,9.0625,-0.02863175910897553,-0.03269484266638756,-0.024602215737104416,8
4,0.4000000059604645,0.003999999910593033,9.21875,-0.027934416197240353,-0.03213901445269585,-0.023709887638688087,8
4,0.4000000059604645,0.003999999910593033,9.375,-0.027090457268059254,-0.0315205343067646,-0.022637970745563507,8
4,0.4000000059604645,0.003999999910593033,9.53125,-0.026090136729180813,-0.03073471412062645,-0.021362002938985825,8
4,0.4000000059604645,0.003999999910593033,9.6875,-0.024258196353912354,-0.029703306034207344,-0.020003965124487877,7
4,0.4000000059604645,0.003999999910593033,9.84375,-0.02354724332690239,-0.02833734080195427,-0.018750153481960297,6
4,0.4000000059604645,0.003999999910593033,10.0,-0.02199473635603984,-0.02677794359624386,-0.01720336638391018,6
4,0.4000000059604645,0.003999999910593033,10.15625,-0.02044555110236009,-0.02519921027123928,-0.015705356374382973,6
4,0.4000000059604645,0.003999999910593033,10.3125,-0.019101271755062044,-0.02389407344162464,-0.014393712393939495,8
4,0.4000000059604645,0.003999999910593033,10.46875,-0.01790102745871991,-0.022526049986481667,-0.01334843598306179,8
4,0.4000000059604645,0.003999999910593033,10.625,-0.016867467784322798,-0.021240362897515297,-0.012518983334302902,8
4,0.4000000059604645,0.003999999910593033,10.78125,-0.01601596106775105,-0.020157378166913986,-0.011877849698066711,8
4,0.4000000059604645,0.003999999910593033,10.9375,-0.01531885250005871,-0.019274776801466942,-0.011338640935719013,8
4,0.4000000059604645,0.003999999910593033,11.09375,-0.014779133023694158,-0.018568480387330055,-0.010974492877721786,8
4,0.4000000059604645,0.003999999910593033,11.25,-0.0144014204852283,-0.017961444333195686,-0.01081766001880169,10
4,0.4000000059604645,0.003999999910593033,11.40625,-0.01404057078373929,-0.017339248210191727,-0.010633598081767559,12
4,0.4000000059604645,0.003999999910593033,11.5625,-0.013727974224214753,-0.016832251101732254,-0.01056484505534172,12
4,0.4000000059604645,0.003999999910593033,11.71875,-0.013444459065794945,-0.016362059861421585,-0.010484173893928528,14
4,0.4000000059604645,0.003999999910593033,11.875,-0.01313562085852027,-0.01586533710360527,-0.010219567455351353,18
4,0.4000000059604645,0.003999999910593033,12.03125,-0.012787844770802902,-0.015508866868913174,-0.009915025904774666,26
4,0.4000000059604645,0.003999999910593033,12.1875,-0.012485357533608164,-0.015731412917375565,-0.009536076337099075,42
4,0.4000000059604645,0.003999999910593033,12.34375,-0.012164737226871343,-0.015144461765885353,-0.009126953780651093,65
4,0.4000000059604645,0.003999999910593033,12.5,-0.01165725474174206,-0.014579124748706818,-0.008682746440172195,65
4,0.4000000059604645,0.003999999910593033,12.65625,-0.0111498880558289,-0.01413357350975275,-0.00810184795409441,65
4,0.4000000059604645,0.003999999910593033,12.8125,-0.010864196429875765,-0.01372813992202282,-0.007531896233558655,44
4,0.4000000059604645,0.003999999910593033,12.96875,-0.010542588451733956,-0.013346432708203793,-0.007843155413866043,26
4,0.4000000059604645,0.003999999910593033,13.125,-0.010195615416806605,-0.013032744638621807,-0.007511040661484003,18
4,0.4000000059604645,0.003999999910593033,13.28125,-0.009889270045927592,-0.012755335308611393,-0.0070551130920648575,14
4,0.4000000059604645,0.003999999910593033,13.4375,-0.009608915851761898,-0.012658214196562767,-0.006623532623052597,12
4,0.4000000059604645,0.003999999910593033,13.59375,-0.009299638370672861,-0.012574667111039162,-0.0061320094391703606,12
4,0.4000000059604645,0.003999999910593033,13.75,-0.008945389231666923,-0.012376941740512848,-0.005530080758035183,10
4,0.4000000059604645,0.003999999910593033,13.90625,-0.0085814637131989,-0.01221232209354639,-0.004966811276972294,8
4,0.4000000059604645,0.003999999910593033,14.0625,-0.008062243345193565,-0.011856835335493088,-0.004295723978430033,8
4,0.4000000059604645,0.003999999910593033,14.21875,-0.007398465066216886,-0.01134552527219057,-0.003449716605246067,8
4,0.4000000059604645,0.003999999910593033,14.375,-0.006589789554709569,-0.010760746896266937,-0.0024184510111808777,8
4,0.4000000059604645,0.003999999910593033,14.53125,-0.005628249971778132,-0.010004833340644836,-0.001183538231998682,8
4,0.4000000059604645,0.003999999910593033,14.6875,-0.0038792969020765406,-0.008996575139462948,0.0001218072502524592,7
4,0.4000000059604645,0.003999999910593033,14.84375,-0.0031646527155923345,-0.007644135504961014,0.0013205051654949784,6
4,0.4000000059604645,0.003999999910593033,15.0,-0.0016351796220988035,-0.006102409213781357,0.002833838341757655,6
4,0.4000000059604645,0.003999999910593033,15.15625,-9.611722392340501e-05,-0.004536821972578764,0.004316841717809439,6
4,0.4000000059604645,0.003999999910593033,15.3125,0.001239362871274352,-0.003260892117395997,0.005632027983665466,8
4,0.4000000059604645,0.003999999910593033,15.46875,0.0024276287003885955,-0.0019183664117008448,0.006681388709694147,8
4,0.4000000059604645,0.003999999910593033,15.625,0.0034495323852752335,-0.0006549637182615697,0.007514897733926773,8
4,0.4000000059604645,0.003999999910593033,15.78125,0.004290743225283222,0.00040099481702782214,0.008165372535586357,8
4,0.4000000059604645,0.003999999910593033,15.9375,0.0049799303378676996,0.001262455596588552,0.008721276186406612,8
4,0.4000000059604645,0.003999999910593033,16.09375,0.005514117277925834,0.0019374792464077473,0.00910500530153513,8
4,0.4000000059604645,0.003999999910593033,16.25,0.005888324324041605,0.0025014884304255247,0.009287850931286812,10
4,0.4000000059604645,0.003999999910593033,16.40625,0.006248501304071397,0.0031029791571199894,0.00949870515614748,12
4,0.4000000059604645,0.003999999910593033,16.5625,0.006561660848092288,0.0035962562542408705,0.009592064656317234,12
4,0.4000000059604645,0.003999999910593033,16.71875,0.006845999708665269,0.004023861605674028,0.009696717374026775,14
4,0.4000000059604645,0.003999999910593033,16.875,0.007156534689582056,0.004487331490963697,0.009978068061172962,18
4,0.4000000059604645,0.003999999910593033,17.03125,0.007504970927794392,0.004827011842280626,0.010293927043676376,26
4,0.4000000059604645,0.003999999910593033,17.1875,0.0078296566657214,0.00454258918762207,0.010676827281713486,44
4,0.4000000059604645,0.003999999910593033,17.34375,0.008135692897037817,0.005115291569381952,0.011084172874689102,65
4,0.4000000059604645,0.003999999910593033,17.5,0.00863814139022277,0.005682771094143391,0.011533264070749283,65
4,0.4000000059604645,0.003999999910593033,17.65625,0.009140993353839104,0.006119323894381523,0.012101938016712666,65
4,0.4000000059604645,0.003999999910593033,17.8125,0.009438333090987395,0.00651888269931078,0.012692181393504143,44
4,0.4000000059604645,0.003999999910593033,17.96875,0.009751875687820407,0.00689011299982667,0.01246665045619011,26
4,0.4000000059604645,0.003999999910593033,18.125,0.010095287062641647,0.007187966722995043,0.01281831320375204,18
4,0.4000000059604645,0.003999999910593033,18.28125,0.010397849138826132,0.007445261348038912,0.01330574881285429,14
4,0.4000000059604645,0.003999999910593033,18.4375,0.010675069759599864,0.007516753859817982,0.01377598661929369,12
4,0.4000000059604645,0.003999999910593033,18.59375,0.01098173534652839,0.007573855109512806,0.014278540387749672,12
4,0.4000000059604645,0.003999999910593033,18.75,0.0113339486066252,0.007741730194538832,0.014897797256708145,10
4,0.4000000059604645,0.003999999910593033,18.90625,0.011697896639816463,0.007876965217292309,0.015501431189477444,8
4,0.4000000059604645,0.003999999910593033,19.0625,0.012219247524626553,0.00820861104875803,0.016200898215174675,8
4,0.4000000059604645,0.003999999910593033,19.21875,0.012887486373074353,0.00869852676987648,0.01706669293344021,8
4,0.4000000059604645,0.003999999910593033,19.375,0.013703496311791241,0.009269388392567635,0.01812303438782692,8
4,0.4000000059604645,0.003999999910593033,19.53125,0.014673601719550788,0.010017622262239456,0.01937853731215,8
4,0.4000000059604645,0.003999999910593033,19.6875,0.01647649652191571,0.011029183864593506,0.02070801891386509,7
4,0.4000000059604645,0.003999999910593033,19.84375,0.017171569789449375,0.012401523999869823,0.021936576813459396,6
4,0.4000000059604645,0.003999999910593033,20.0,0.018723676446825266,0.013970637694001198,0.023464351892471313,6
4,0.4000000059604645,0.003999999910593033,20.15625,0.02028803884362181,0.015572075732052326,0.02496676705777645,6
4,0.4000000059604645,0.003999999910593033,20.3125,0.021649800008162856,0.01687546819448471,0.026298757642507553,8
4,0.4000000059604645,0.003999999910593033,20.46875,0.022866642335429788,0.018247557803988457,0.02737182192504406,8
4,0.4000000059604645,0.003999999910593033,20.625,0.023918235441669822,0.019545359537005424,0.028233876451849937,8
4,0.4000000059604645,0.003999999910593033,20.78125,0.02479040320031345,0.020631302148103714,0.02892053686082363,8
4,0.4000000059604645,0.003999999910593033,20.9375,0.025511842221021652,0.021536292508244514,0.029517434537410736,8
4,0.4000000059604645,0.003999999910593033,21.09375,0.02607965306378901,0.022235073149204254,0.029944419860839844,8
4,0.4000000059604645,0.003999999910593033,21.25,0.0264895249158144,0.022798890247941017,0.030175156891345978,10
4,0.4000000059604645,0.003999999910593033,21.40625,0.02688568690791726,0.023442229256033897,0.030435115098953247,12
4,0.4000000059604645,0.003999999910593033,21.5625,0.027235727136333782,0.02398686110973358,0.03056785836815834,12
4,0.4000000059604645,0.003999999910593033,21.71875,0.02755931658404214,0.024416055530309677,0.030710680410265923,14
4,0.4000000059604645,0.003999999910593033,21.875,0.027911607900427446,0.024924471974372864,0.03102167695760727,18
4,0.4000000059604645,0.003999999910593033,22.03125,0.028298605233430862,0.025330832228064537,0.03135700151324272,26
4,0.4000000059604645,0.003999999910593033,22.1875,0.028673131103542717,0.02512335032224655,0.03174624219536781,44
4,0.4000000059604645,0.003999999910593033,22.34375,0.029062774978004968,0.02576335147023201,0.032163191586732864,65
4,0.4000000059604645,0.003999999910593033,22.5,0.029576304325690635,0.02636098675429821,0.032605670392513275,65
4,0.4000000059604645,0.003999999910593033,22.65625,0.030090892802064236,0.026826944202184677,0.033149369060993195,65
4,0.4000000059604645,0.003999999910593033,22.8125,0.03045194460587068,0.027247430756688118,0.033785417675971985,44
4,0.4000000059604645,0.003999999910593033,22.96875,0.030792338415407218,0.027640964835882187,0.033737391233444214,26
4,0.4000000059604645,0.003999999910593033,23.125,0.031164666016896565,0.02795758843421936,0.03413277119398117,18
4,0.4000000059604645,0.003999999910593033,23.28125,0.03149990165340049,0.02823037840425968,0.03469650447368622,14
4,0.4000000059604645,0.003999999910593033,23.4375,0.031810353665302195,0.028309019282460213,0.03526727110147476,12
4,0.4000000059604645,0.003999999910593033,23.59375,0.03214916121214628,0.028373602777719498,0.03580472618341446,12
4,0.4000000059604645,0.003999999910593033,23.75,0.03253995068371296,0.02854911983013153,0.03650712966918945,10
4,0.4000000059604645,0.003999999910593033,23.90625,0.03295125812292099,0.02869739569723606,0.03718443959951401,8
4,0.4000000059604645,0.003999999910593033,24.0625,0.03352826205082238,0.02906312607228756,0.0379616804420948,8
4,0.4000000059604645,0.003999999910593033,24.21875,0.034262288361787796,0.029603727161884308,0.038887158036231995,8
4,0.4000000059604645,0.003999999910593033,24.375,0.035156250931322575,0.03024555929005146,0.04002171382308006,8
4,0.4000000059604645,0.003999999910593033,24.53125,0.036212841514497995,0.031087800860404968,0.04135289043188095,8
4,0.4000000059604645,0.003999999910593033,24.6875,0.03818114208323615,0.03222762793302536,0.042760442942380905,7
4,0.4000000059604645,0.003999999910593033,24.84375,0.03894405625760555,0.033774640411138535,0.044090636074543,6
4,0.4000000059604645,0.003999999910593033,25.0,0.04063974507153034,0.035546064376831055,0.04570071026682854,6
4,0.4000000059604645,0.003999999910593033,25.15625,0.042361206064621605,0.037369031459093094,0.04729795455932617,6
4,0.4000000059604645,0.003999999910593033,25.3125,0.04388418048620224,0.03887797147035599,0.04873458668589592,8
4,0.4000000059604645,0.003999999910593033,25.46875,0.04526867996901274,0.04045794904232025,0.04993011802434921,8
4,0.4000000059604645,0.003999999910593033,25.625,0.046490257140249014,0.041970252990722656,0.05092974752187729,8
4,0.4000000059604645,0.003999999910593033,25.78125,0.04753538640215993,0.043256036937236786,0.05177346244454384,8
4,0.4000000059604645,0.003999999910593033,25.9375,0.04843369498848915,0.04435119405388832,0.05253804475069046,8
4,0.4000000059604645,0.003999999910593033,26.09375,0.04918417986482382,0.045222509652376175,0.05315361171960831,8
4,0.4000000059604645,0.003999999910593033,26.25,0.049786750227212906,0.04597136005759239,0.053592879325151443,10
4,0.4000000059604645,0.003999999910593033,26.40625,0.05037847037116686,0.04677966982126236,0.05407121405005455,12
4,0.4000000059604645,0.003999999910593033,26.5625,0.05093421724935373,0.04751257970929146,0.0544256791472435,12
4,0.4000000059604645,0.003999999910593033,26.71875,0.051475921113576205,0.04807339981198311,0.054791416972875595,14
4,0.4000000059604645,0.003999999910593033,26.875,0.05207349194420709,0.04873909801244736,0.05526485666632652,18
4,0.4000000059604645,0.003999999910593033,27.03125,0.05263020628346847,0.04925987496972084,0.05574836954474449,26
4,0.4000000059604645,0.003999999910593033,27.1875,0.053271484645930206,0.05031929165124893,0.05629853531718254,44
4,0.4000000059604645,0.003999999910593033,27.34375,0.0540791772879087,0.05080560967326164,0.057090967893600464,65
4,0.4000000059604645,0.003999999910593033,27.5,0.05459934765329728,0.05122959241271019,0.05756858363747597,65
4,0.4000000059604645,0.003999999910593033,27.65625,0.05512066615315584,0.05157626047730446,0.058171916753053665,65
4,0.4000000059604645,0.003999999910593033,27.8125,0.05554947248575362,0.05185392498970032,0.05902119725942612,44
4,0.4000000059604645,0.003999999910593033,27.96875,0.05587841899922261,0.05220413953065872,0.0593440867960453,26
4,0.4000000059604645,0.003999999910593033,28.125,0.05629722774028778,0.052487872540950775,0.05988265573978424,18
4,0.4000000059604645,0.003999999910593033,28.28125,0.05657682434788772,0.05271907523274422,0.0603579618036747,14
4,0.4000000059604645,0.003999999910593033,28.4375,0.05686602834612131,0.05275961756706238,0.060917213559150696,12
4,0.4000000059604645,0.003999999910593033,28.59375,0.05719481781125069,0.05278341472148895,0.06150924414396286,12
4,0.4000000059604645,0.003999999910593033,28.75,0.057471499964594844,0.05279838666319847,0.0620943084359169,10
4,0.4000000059604645,0.003999999910593033,28.90625,0.05774799222126603,0.052759237587451935,0.06269428133964539,8
4,0.4000000059604645,0.003999999910593033,29.0625,0.058080947026610374,0.05279603227972984,0.06334638595581055,8
4,0.4000000059604645,0.003999999910593033,29.21875,0.05845863884314895,0.052834637463092804,0.06404153257608414,8
4,0.4000000059604645,0.003999999910593033,29.375,0.05888050561770797,0.05291112884879112,0.06477731466293335,8
4,0.4000000059604645,0.003999999910593033,29.53125,0.059314620681107044,0.05299162492156029,0.06559204310178757,8
4,0.4000000059604645,0.003999999910593033,29.6875,0.06066129782370159,0.05315147340297699,0.06635093688964844,7
4,0.4000000059604645,0.003999999910593033,29.84375,0.06024207857747873,0.053395554423332214,0.06701362133026123,6
4,0.4000000059604645,0.003999999910593033,30.0,0.06074110356469949,0.053582124412059784,0.06778141111135483,6
5,0.5,0.005000000198682149,0.0,-0.07993707433342934,-0.08831493556499481,-0.07139775902032852,6
5,0.5,0.005000000198682149,0.15625,-0.07930654287338257,-0.08736025542020798,-0.07117006182670593,6
5,0.5,0.005000000198682149,0.3125,-0.07875969633460045,-0.08652506023645401,-0.07090228796005249,8
5,0.5,0.005000000198682149,0.46875,-0.07812756579369307,-0.08558642119169235,-0.0706232413649559,8
5,0.5,0.005000000198682149,0.625,-0.0774896377697587,-0.08458782732486725,-0.07034855335950851,8
5,0.5,0.005000000198682149,0.78125,-0.07691240403801203,-0.08367590606212616,-0.07011405378580093,8
5,0.5,0.005000000198682149,0.9375,-0.07639840804040432,-0.08281776309013367,-0.06995972990989685,8
5,0.5,0.005000000198682149,1.09375,-0.07595451269298792,-0.08201206475496292,-0.06984630972146988,8
5,0.5,0.005000000198682149,1.25,-0.07558768540620804,-0.08127078413963318,-0.06984706968069077,10
5,0.5,0.005000000198682149,1.40625,-0.0752291635920604,-0.08054892718791962,-0.06979584693908691,12
5,0.5,0.005000000198682149,1.5625,-0.07481333737572034,-0.0798177644610405,-0.069749616086483,12
5,0.5,0.005000000198682149,1.71875,-0.0744466707110405,-0.07912611216306686,-0.06967128813266754,14
5,0.5,0.005000000198682149,1.875,-0.07409366096059482,-0.07853947579860687,-0.06937211751937866,18
5,0.5,0.005000000198682149,2.03125,-0.0735721098115811,-0.07787559926509857,-0.0690106526017189,26
5,0.5,0.005000000198682149,2.1875,-0.07316066256978294,-0.07748377323150635,-0.06856825947761536,44
5,0.5,0.005000000198682149,2.34375,-0.07263258099555969,-0.07643627375364304,-0.06821634620428085,65
5,0.5,0.005000000198682149,2.5,-0.07198810611779873,-0.07568427175283432,-0.06777975708246231,65
5,0.5,0.005000000198682149,2.65625,-0.07134545674690833,-0.07509085536003113,-0.06724924594163895,65
5,0.5,0.005000000198682149,2.8125,-0.0703475358472629,-0.07412870973348618,-0.06663540750741959,44
5,0.5,0.005000000198682149,2.96875,-0.06955680594994472,-0.07345428317785263,-0.06535544991493225,26
5,0.5,0.005000000198682149,3.125,-0.06887136979235543,-0.07286420464515686,-0.06470900774002075,18
5,0.5,0.005000000198682149,3.28125,-0.06813739665916987,-0.07228711992502213,-0.06388218700885773,14
5,0.5,0.005000000198682149,3.4375,-0.06747345564266045,-0.07184760272502899,-0.0631861761212349,12
5,0.5,0.005000000198682149,3.59375,-0.06679213078071673,-0.07142474502325058,-0.06227971613407135,12
5,0.5,0.005000000198682149,3.75,-0.06606818437576294,-0.07085072249174118,-0.06127801537513733,10
5,0.5,0.005000000198682149,3.90625,-0.06533564766868949,-0.07033143937587738,-0.060351185500621796,8
5,0.5,0.005000000198682149,4.0625,-0.064422900788486,-0.06960364431142807,-0.059273861348629,8
5,0.5,0.005000000198682149,4.21875,-0.06333595234900713,-0.06869662553071976,-0.057928044348955154,8
5,0.5,0.005000000198682149,4.375,-0.06207054387778044,-0.06773648411035538,-0.05634563788771629,8
5,0.5,0.005000000198682149,4.53125,-0.060610704589635134,-0.06658496707677841,-0.05449012666940689,8
5,0.5,0.005000000198682149,4.6875,-0.058086082871471136,-0.06514841318130493,-0.05253957211971283,7
5,0.5,0.005000000198682149,4.84375,-0.05703690089285374,-0.06331822276115417,-0.05072443559765816,6
5,0.5,0.005000000198682149,5.0,-0.05490714684128761,-0.061256639659404755,-0.04852249473333359,6
5,0.5,0.005000000198682149,5.15625,-0.052798587207992874,-0.05918562412261963,-0.04640699923038483,6
5,0.5,0.005000000198682149,5.3125,-0.050965911243110895,-0.05743503198027611,-0.04456133395433426,8
5,0.5,0.005000000198682149,5.46875,-0.04934058012440801,-0.05563124269247055,-0.04309513047337532,8
5,0.5,0.005000000198682149,5.625,-0.04793362459167838,-0.05393247678875923,-0.0419309101998806,8
5,0.5,0.005000000198682149,5.78125,-0.04677011398598552,-0.052483923733234406,-0.041030898690223694,8
5,0.5,0.005000000198682149,5.9375,-0.045814627315849066,-0.05130854994058609,-0.040287576615810394,8
5,0.5,0.005000000198682149,6.09375,-0.04506922047585249,-0.05032958462834358,-0.03978590667247772,8
5,0.5,0.005000000198682149,6.25,-0.04453693367540836,-0.04947962239384651,-0.03957115486264229,10
5,0.5,0.005000000198682149,6.40625,-0.044037118554115295,-0.04859822988510132,-0.03932986408472061,12
5,0.5,0.005000000198682149,6.5625,-0.04360634461045265,-0.047923047095537186,-0.03923318162560463,12
5,0.5,0.005000000198682149,6.71875,-0.043210449761578014,-0.047209497541189194,-0.039122309535741806,14
5,0.5,0.005000000198682149,6.875,-0.04278367447356383,-0.046495579183101654,-0.03877151384949684,18
5,0.5,0.005000000198682149,7.03125,-0.042313744815496296,-0.045998312532901764,-0.03836686536669731,26
5,0.5,0.005000000198682149,7.1875,-0.04189992385605971,-0.04605445638298988,-0.0378648042678833,42
5,0.5,0.005000000198682149,7.34375,-0.04142303724701588,-0.04526618495583534,-0.03732648119330406,65
5,0.5,0.005000000198682149,7.5,-0.04077580152795865,-0.04459342733025551,-0.03673344478011131,65
5,0.5,0.005000000198682149,7.65625,-0.04012958797124716,-0.044046685099601746,-0.03596830368041992,65
5,0.5,0.005000000198682149,7.8125,-0.03966778042641553,-0.043532464653253555,-0.035172734409570694,44
5,0.5,0.005000000198682149,7.96875,-0.03920523464106596,-0.04305033013224602,-0.03546454757452011,26
5,0.5,0.005000000198682149,8.125,-0.03872512963910898,-0.04263658821582794,-0.03496643900871277,18
5,0.5,0.005000000198682149,8.28125,-0.03829188059483256,-0.042255252599716187,-0.034342557191848755,14
5,0.5,0.005000000198682149,8.4375,-0.03789441380649805,-0.042088352143764496,-0.033803392201662064,12
5,0.5,0.005000000198682149,8.59375,-0.03746391305079063,-0.04193677380681038,-0.033126361668109894,12
5,0.5,0.005000000198682149,8.75,-0.03697812743484974,-0.04162995144724846,-0.032324038445949554,10
5,0.5,0.005000000198682149,8.90625,-0.036480257753282785,-0.04136575013399124,-0.031621262431144714,8
5,0.5,0.005000000198682149,9.0625,-0.035789699060842395,-0.04086855426430702,-0.030752768740057945,8
5,0.5,0.005000000198682149,9.21875,-0.0349180200137198,-0.04017376899719238,-0.029637359082698822,8
5,0.5,0.005000000198682149,9.375,-0.03386307251639664,-0.03940067067742348,-0.028297461569309235,8
5,0.5,0.005000000198682149,9.53125,-0.03261267044581473,-0.03841838985681534,-0.026702502742409706,8
5,0.5,0.005000000198682149,9.6875,-0.03032274597457477,-0.03712913393974304,-0.025004956871271133,7
5,0.5,0.005000000198682149,9.84375,-0.029434054779509704,-0.03542167693376541,-0.02343769185245037,6
5,0.5,0.005000000198682149,10.0,-0.02749342005699873,-0.03347242996096611,-0.02150420844554901,6
5,0.5,0.005000000198682149,10.15625,-0.02555693903317054,-0.03149901330471039,-0.01963169500231743,6
5,0.5,0.005000000198682149,10.3125,-0.023876589722931385,-0.029867591336369514,-0.017992140725255013,8
5,0.5,0.005000000198682149,10.46875,-0.02237628446891904,-0.028157562017440796,-0.016685545444488525,8
5,0.5,0.005000000198682149,10.625,-0.02108433493413031,-0.026550455018877983,-0.015648728236556053,8
5,0.5,0.005000000198682149,10.78125,-0.02001995116006583,-0.025196721777319908,-0.01484731212258339,8
5,0.5,0.005000000198682149,10.9375,-0.01914856571238488,-0.024093471467494965,-0.014173301868140697,8
5,0.5,0.005000000198682149,11.09375,-0.01847391645424068,-0.02321060188114643,-0.013718116097152233,8
5,0.5,0.005000000198682149,11.25,-0.018001775536686183,-0.02245180495083332,-0.013522074557840824,10
5,0.5,0.005000000198682149,11.40625,-0.017550713615491986,-0.021674061194062233,-0.013291996903717518,12
5,0.5,0.005000000198682149,11.5625,-0.01715996799369653,-0.021040314808487892,-0.01320605631917715,12
5,0.5,0.005000000198682149,11.71875,-0.01680557389876672,-0.020452573895454407,-0.01310521736741066,14
5,0.5,0.005000000198682149,11.875,-0.016419525775644515,-0.019831670448184013,-0.012774459086358547,18
5,0.5,0.005000000198682149,12.03125,-0.015984805909773477,-0.019386084750294685,-0.01239378284662962,26
5,0.5,0.005000000198682149,12.1875,-0.015606696983533246,-0.01966426707804203,-0.011920096352696419,42
5,0.5,0.005000000198682149,12.34375,-0.01520592153358918,-0.018930576741695404,-0.011408692225813866,65
5,0.5,0.005000000198682149,12.5,-0.014571568570457973,-0.018223905935883522,-0.010853433981537819,65
5,0.5,0.005000000198682149,12.65625,-0.013937360076950147,-0.01766696572303772,-0.010127309709787369,65
5,0.5,0.005000000198682149,12.8125,-0.013580245537344705,-0.01716017536818981,-0.009414870291948318,44
5,0.5,0.005000000198682149,12.96875,-0.013178235528847346,-0.01668304018676281,-0.009803944267332554,26
5,0.5,0.005000000198682149,13.125,-0.012744519083450237,-0.016290931031107903,-0.009388800710439682,18
5,0.5,0.005000000198682149,13.28125,-0.012361587690455573,-0.015944167971611023,-0.00881889183074236,14
5,0.5,0.005000000198682149,13.4375,-0.012011144775897264,-0.015822768211364746,-0.008279415778815746,12
5,0.5,0.005000000198682149,13.59375,-0.011624547885730863,-0.015718333423137665,-0.007665012031793594,12
5,0.5,0.005000000198682149,13.75,-0.011181736458092928,-0.015471176244318485,-0.006912600714713335,10
5,0.5,0.005000000198682149,13.90625,-0.010726829757913947,-0.015265403315424919,-0.006208513863384724,8
5,0.5,0.005000000198682149,14.0625,-0.010077803977765143,-0.014821043238043785,-0.005369654856622219,8
5,0.5,0.005000000198682149,14.21875,-0.009248081361874938,-0.01418190635740757,-0.00431214552372694,8
5,0.5,0.005000000198682149,14.375,-0.008237236965214834,-0.013450933620333672,-0.003023063763976097,8
5,0.5,0.005000000198682149,14.53125,-0.007035312577500008,-0.012506041675806046,-0.0014794227899983525,8
5,0.5,0.005000000198682149,14.6875,-0.0048491210285906815,-0.011245718225836754,0.0001522590609965846,7
5,0.5,0.005000000198682149,14.84375,-0.003955815841133396,-0.009555169381201267,0.0016506314277648926,6
5,0.5,0.005000000198682149,15.0,-0.0020439746246362724,-0.007628011517226696,0.003542297752574086,6
5,0.5,0.005000000198682149,15.15625,-0.00012014658811191718,-0.005671027582138777,0.00539605226367712,6
5,0.5,0.005000000198682149,15.3125,0.0015492035308852792,-0.004076114855706692,0.007040034979581833,8
5,0.5,0.005000000198682149,15.46875,0.003034535897313617,-0.002397957956418395,0.008351735770702362,8
5,0.5,0.005000000198682149,15.625,0.004311915421567392,-0.0008187046623788774,0.009393622167408466,8
5,0.5,0.005000000198682149,15.78125,0.005363428907003254,0.0005012435140088201,0.010206715203821659,8
5,0.5,0.005000000198682149,15.9375,0.006224912911420688,0.0015780694084241986,0.01090159546583891,8
5,0.5,0.005000000198682149,16.09375,0.006892646633787081,0.002421849174425006,0.011381256394088268,8
5,0.5,0.005000000198682149,16.25,0.007360405288636684,0.003126860363408923,0.011609813198447227,10
5,0.5,0.005000000198682149,16.40625,0.007810626644641161,0.003878723829984665,0.011873382143676281,12
5,0.5,0.005000000198682149,16.5625,0.008202076191082597,0.004495320376008749,0.011990081518888474,12
5,0.5,0.005000000198682149,16.71875,0.008557499552677785,0.005029826890677214,0.012120896950364113,14
5,0.5,0.005000000198682149,16.875,0.008945668193822106,0.005609164014458656,0.012472584843635559,18
5,0.5,0.005000000198682149,17.03125,0.009381213708995627,0.006033764686435461,0.01286740880459547,26
5,0.5,0.005000000198682149,17.1875,0.009787070766006682,0.005678236484527588,0.013346034102141857,44
5,0.5,0.005000000198682149,17.34375,0.010169616205474505,0.0063941143453121185,0.013855216093361378,65
5,0.5,0.005000000198682149,17.5,0.010797676744942482,0.007103463634848595,0.014416580088436604,65
5,0.5,0.005000000198682149,17.65625,0.01142624171737295,0.007649154867976904,0.015127422288060188,65
5,0.5,0.005000000198682149,17.8125,0.011797916271131147,0.00814860314130783,0.015865227207541466,44
5,0.5,0.005000000198682149,17.96875,0.012189844587387947,0.008612641133368015,0.015583313070237637,26
5,0.5,0.005000000198682149,18.125,0.012619108996457525,0.008984958752989769,0.01602289080619812,18
5,0.5,0.005000000198682149,18.28125,0.012997311539947987,0.009306577034294605,0.016632186248898506,14
5,0.5,0.005000000198682149,18.4375,0.013343837345018983,0.009395942091941833,0.01721998304128647,12
5,0.5,0.005000000198682149,18.59375,0.013727169328679642,0.009467318654060364,0.017848176881670952,12
5,0.5,0.005000000198682149,18.75,0.014167435932904482,0.009677162393927574,0.018622247502207756,10
5,0.5,0.005000000198682149,18.90625,0.014622370479628444,0.009846205823123455,0.019376788288354874,8
5,0.5,0.005000000198682149,19.0625,0.015274059143848717,0.010260763578116894,0.02025112323462963,8
5,0.5,0.005000000198682149,19.21875,0.016109358170069754,0.0108731584623456,0.021333366632461548,8
5,0.5,0.005000000198682149,19.375,0.017129370477050543,0.01158673595637083,0.022653793916106224,8
5,0.5,0.005000000198682149,19.53125,0.018342001945711672,0.01252202782779932,0.024223173037171364,8
5,0.5,0.005000000198682149,19.6875,0.02059562025325639,0.013786478899419308,0.025885025039315224,7
5,0.5,0.005000000198682149,19.84375,0.02146446208159129,0.015501905232667923,0.02742072008550167,6
5,0.5,0.005000000198682149,20.0,0.02340459544211626,0.01746329665184021,0.029330439865589142,6
5,0.5,0.005000000198682149,20.15625,0.025360048438111942,0.019465094432234764,0.03120845928788185,6
5,0.5,0.005000000198682149,20.3125,0.02706225006841123,0.02109433338046074,0.032873447984457016,8
5,0.5,0.005000000198682149,20.46875,0.028583303093910217,0.022809447720646858,0.03421477600932121,8
5,0.5,0.005000000198682149,20.625,0.029897794825956225,0.024431699886918068,0.03529234603047371,8
5,0.5,0.005000000198682149,20.78125,0.030988004058599472,0.025789126753807068,0.036150671541690826,8
5,0.5,0.005000000198682149,20.9375,0.03188980231061578,0.026920365169644356,0.03689679130911827,8
5,0.5,0.005000000198682149,21.09375,0.032599566504359245,0.02779383957386017,0.037430524826049805,8
5,0.5,0.005000000198682149,21.25,0.03311190586537123,0.028498612344264984,0.03771894425153732,10
5,0.5,0.005000000198682149,21.40625,0.033607108518481255,0.02930278703570366,0.03804389387369156,12
5,0.5,0.005000000198682149,21.5625,0.03404465829953551,0.029983576387166977,0.03820982202887535,12
5,0.5,0.005000000198682149,21.71875,0.03444914546396051,0.030520068481564522,0.03838834911584854,14
5,0.5,0.005000000198682149,21.875,0.03488950969444381,0.03115558996796608,0.038777098059654236,18
5,0.5,0.005000000198682149,22.03125,0.03537325704326996,0.03166354075074196,0.03919625282287598,26
5,0.5,0.005000000198682149,22.1875,0.03584141360426491,0.03140418976545334,0.03968280181288719,44
5,0.5,0.005000000198682149,22.34375,0.036328468930262786,0.032204192131757736,0.040203988552093506,65
5,0.5,0.005000000198682149,22.5,0.03697038034980114,0.0329512357711792,0.040757086127996445,65
5,0.5,0.005000000198682149,22.65625,0.03761361631063315,0.03353368118405342,0.041436709463596344,65
5,0.5,0.005000000198682149,22.8125,0.038064931011335415,0.03405928984284401,0.04223177209496498,44
5,0.5,0.005000000198682149,22.96875,0.038490423502830357,0.03455120697617531,0.04217173904180527,26
5,0.5,0.005000000198682149,23.125,0.038955832107199564,0.0349469855427742,0.04266596585512161,18
5,0.5,0.005000000198682149,23.28125,0.03937487703348909,0.035287972539663315,0.04337063059210777,14
5,0.5,0.005000000198682149,23.4375,0.039762942430873714,0.03538627550005913,0.0440840907394886,12
5,0.5,0.005000000198682149,23.59375,0.04018645050625006,0.0354670025408268,0.044755905866622925,12
5,0.5,0.005000000198682149,23.75,0.04067493863403797,0.03568639978766441,0.045633912086486816,10
5,0.5,0.005000000198682149,23.90625,0.04118907218798995,0.03587174415588379,0.04648054763674736,8
5,0.5,0.005000000198682149,24.0625,0.0419103279709816,0.03632890805602074,0.04745209962129593,8
5,0.5,0.005000000198682149,24.21875,0.04282786091789603,0.037004660815000534,0.04860895127058029,8
5,0.5,0.005000000198682149,24.375,0.04394531389698386,0.03780695050954819,0.050027139484882355,8
5,0.5,0.005000000198682149,24.53125,0.045266051311045885,0.03885975107550621,0.05169111117720604,8
5,0.5,0.005000000198682149,24.6875,0.04772642787013735,0.04028453305363655,0.053450554609298706,7
5,0.5,0.005000000198682149,24.84375,0.04868007140854994,0.04221830144524574,0.0551132969558239,6
5,0.5,0.005000000198682149,25.0,0.05079968087375164,0.04443258047103882,0.057125888764858246,6
5,0.5,0.005000000198682149,25.15625,0.052951508512099586,0.04671128839254379,0.05912244692444801,6
5,0.5,0.005000000198682149,25.3125,0.054855224676430225,0.048597462475299835,0.060918234288692474,8
5,0.5,0.005000000198682149,25.46875,0.05658584926277399,0.050572432577610016,0.06241264566779137,8
5,0.5,0.005000000198682149,25.625,0.058112822007387877,0.05246281623840332,0.06366218626499176,8
5,0.5,0.005000000198682149,25.78125,0.05941923288628459,0.05407004430890083,0.06471683084964752,8
5,0.5,0.005000000198682149,25.9375,0.06054211966693401,0.055438995361328125,0.06567255407571793,8
5,0.5,0.005000000198682149,26.09375,0.06148022459819913,0.05652813985943794,0.06644201278686523,8
5,0.5,0.005000000198682149,26.25,0.06223343648016453,0.057464201003313065,0.06699109822511673,10
5,0.5,0.005000000198682149,26.40625,0.0629730885848403,0.0584745891392231,0.06758901476860046,12
5,0.5,0.005000000198682149,26.5625,0.06366777078559001,0.05939072370529175,0.06803210079669952,12
5,0.5,0.005000000198682149,26.71875,0.06434490292200021,0.06009175255894661,0.06848927587270737,14
5,0.5,0.005000000198682149,26.875,0.06509186513721943,0.060923874378204346,0.06908106803894043,18
5,0.5,0.005000000198682149,27.03125,0.06578775753195469,0.061574842780828476,0.06968545913696289,26
5,0.5,0.005000000198682149,27.1875,0.06658935597674413,0.06289912015199661,0.07037317007780075,44
5,0.5,0.005000000198682149,27.34375,0.06759897218300746,0.06350701302289963,0.07136370986700058,65
5,0.5,0.005000000198682149,27.5,0.06824918481019827,0.06403698772192001,0.07196072489023209,65
5,0.5,0.005000000198682149,27.65625,0.06890083264846068,0.0644703283905983,0.0727148950099945,65
5,0.5,0.005000000198682149,27.8125,0.06943684071302414,0.0648174062371254,0.0737764984369278,44
5,0.5,0.005000000198682149,27.96875,0.06984802421468955,0.06525518000125885,0.07418011128902435,26
5,0.5,0.005000000198682149,28.125,0.07037153384751743,0.06560983508825302,0.07485331594944,18
5,0.5,0.005000000198682149,28.28125,0.07072103129965919,0.0658988431096077,0.0754474550485611,14
5,0.5,0.005000000198682149,28.4375,0.07108253551026185,0.06594952195882797,0.07614652067422867,12
5,0.5,0.005000000198682149,28.59375,0.07149352319538593,0.06597926467657089,0.07688655704259872,12
5,0.5,0.005000000198682149,28.75,0.0718393750488758,0.06599798798561096,0.07761788368225098,10
5,0.5,0.005000000198682149,28.90625,0.07218499109148979,0.06594904512166977,0.07836785167455673,8
5,0.5,0.005000000198682149,29.0625,0.0726011823862791,0.06599503755569458,0.07918298244476318,8
5,0.5,0.005000000198682149,29.21875,0.07307329680770636,0.06604329496622086,0.08005191385746002,8
5,0.5,0.005000000198682149,29.375,0.07360063306987286,0.06613890826702118,0.08097164332866669,8
5,0.5,0.005000000198682149,29.53125,0.07414327375590801,0.06623953580856323,0.08199004828929901,8
5,0.5,0.005000000198682149,29.6875,0.07582662254571915,0.06643934547901154,0.08293867111206055,7
5,0.5,0.005000000198682149,29.84375,0.07530259837706883,0.06674444675445557,0.08376702666282654,6
5,0.5,0.005000000198682149,30.0,0.07592637961109479,0.06697765737771988,0.08472676575183868,6
6,0.6000000238418579,0.006000000238418579,0.0,-0.0959244892001152,-0.10597791522741318,-0.08567731082439423,6
6,0.6000000238418579,0.006000000238418579,0.15625,-0.09516785045464833,-0.10483230650424957,-0.08540406823158264,6
6,0.6000000238418579,0.006000000238418579,0.3125,-0.09451163373887539,-0.10383006930351257,-0.08508273959159851,8
6,0.6000000238418579,0.006000000238418579,0.46875,-0.09375307988375425,-0.10270370543003082,-0.08474788814783096,8
6,0.6000000238418579,0.006000000238418579,0.625,-0.09298756718635559,-0.10150539875030518,-0.08441826701164246,8
6,0.6000000238418579,0.006000000238418579,0.78125,-0.09229488298296928,-0.10041108727455139,-0.08413685858249664,8
6,0.6000000238418579,0.006000000238418579,0.9375,-0.0916780885308981,-0.09938132017850876,-0.0839516744017601,8
6,0.6000000238418579,0.006000000238418579,1.09375,-0.09114541579037905,-0.09841448068618774,-0.0838155671954155,8
6,0.6000000238418579,0.006000000238418579,1.25,-0.0907052218914032,-0.09752494096755981,-0.08381648361682892,10
6,0.6000000238418579,0.006000000238418579,1.40625,-0.0902749951928854,-0.09665870666503906,-0.0837550163269043,12
6,0.6000000238418579,0.006000000238418579,1.5625,-0.08977600435415904,-0.09578131884336472,-0.083699531853199,12
6,0.6000000238418579,0.006000000238418579,1.71875,-0.08933600464037486,-0.094951331615448,-0.08360555022954941,14
6,0.6000000238418579,0.006000000238418579,1.875,-0.08891239265600841,-0.09424736350774765,-0.08324654400348663,18
6,0.6000000238418579,0.006000000238418579,2.03125,-0.08828653079959062,-0.09345071762800217,-0.08281278610229492,26
6,0.6000000238418579,0.006000000238418579,2.1875,-0.08779279515147209,-0.0929805263876915,-0.08228190988302231,44
6,0.6000000238418579,0.006000000238418579,2.34375,-0.08715909719467163,-0.09172352403402328,-0.08185961097478867,65
6,0.6000000238418579,0.006000000238418579,2.5,-0.08638572727258388,-0.09082112461328506,-0.08133570849895477,65
6,0.6000000238418579,0.006000000238418579,2.65625,-0.08561454782119164,-0.09010902792215347,-0.08069909363985062,65
6,0.6000000238418579,0.006000000238418579,2.8125,-0.08441704291511666,-0.08895445615053177,-0.07996248453855515,44
6,0.6000000238418579,0.006000000238418579,2.96875,-0.08346816811424035,-0.08814514428377151,-0.0784265398979187,26
6,0.6000000238418579,0.006000000238418579,3.125,-0.08264564350247383,-0.08743704110383987,-0.07765080779790878,18
6,0.6000000238418579,0.006000000238418579,3.28125,-0.08176487471376147,-0.08674453943967819,-0.07665862143039703,14
6,0.6000000238418579,0.006000000238418579,3.4375,-0.08096814714372158,-0.08621712774038315,-0.07582341134548187,12
6,0.6000000238418579,0.006000000238418579,3.59375,-0.08015055706103642,-0.08570969849824905,-0.07473565638065338,12
6,0.6000000238418579,0.006000000238418579,3.75,-0.07928182184696198,-0.08502086997032166,-0.07353361696004868,10
6,0.6000000238418579,0.006000000238418579,3.90625,-0.07840277627110481,-0.08439772576093674,-0.07242142409086227,8
6,0.6000000238418579,0.006000000238418579,4.0625,-0.07730748131871223,-0.08352437615394592,-0.07112862914800644,8
6,0.6000000238418579,0.006000000238418579,4.21875,-0.07600314356386662,-0.08243595063686371,-0.06951365619897842,8
6,0.6000000238418579,0.006000000238418579,4.375,-0.07448465377092361,-0.08128378540277481,-0.06761476397514343,8
6,0.6000000238418579,0.006000000238418579,4.53125,-0.07273284532129765,-0.07990196347236633,-0.06538815051317215,8
6,0.6000000238418579,0.006000000238418579,4.6875,-0.0697032990200179,-0.07817809283733368,-0.06304748356342316,7
6,0.6000000238418579,0.006000000238418579,4.84375,-0.06844427933295567,-0.07598186284303665,-0.06086932122707367,6
6,0.6000000238418579,0.006000000238418579,5.0,-0.06588857496778171,-0.07350796461105347,-0.058226991444826126,6
6,0.6000000238418579,0.006000000238418579,5.15625,-0.06335830502212048,-0.07102274894714355,-0.05568839982151985,6
6,0.6000000238418579,0.006000000238418579,5.3125,-0.06115909293293953,-0.06892203539609909,-0.05347359925508499,8
6,0.6000000238418579,0.006000000238418579,5.46875,-0.05920869763940573,-0.06675749272108078,-0.05171415954828262,8
6,0.6000000238418579,0.006000000238418579,5.625,-0.05752035090699792,-0.06471897661685944,-0.05031709372997284,8
6,0.6000000238418579,0.006000000238418579,5.78125,-0.05612413678318262,-0.06298071146011353,-0.04923707991838455,8
6,0.6000000238418579,0.006000000238418579,5.9375,-0.05497755249962211,-0.06157026067376137,-0.04834509268403053,8
6,0.6000000238418579,0.006000000238418579,6.09375,-0.05408306512981653,-0.0603955015540123,-0.04774308577179909,8
6,0.6000000238418579,0.006000000238418579,6.25,-0.0534443199634552,-0.059375546872615814,-0.047485385090112686,10
6,0.6000000238418579,0.006000000238418579,6.40625,-0.0528445423891147,-0.0583178773522377,-0.047195836901664734,12
6,0.6000000238418579,0.006000000238418579,6.5625,-0.05232761396716038,-0.05750765651464462,-0.047079816460609436,12
6,0.6000000238418579,0.006000000238418579,6.71875,-0.05185253944780145,-0.05665139481425285,-0.04694677144289017,14
6,0.6000000238418579,0.006000000238418579,6.875,-0.051340409451060824,-0.055794693529605865,-0.04652581363916397,18
6,0.6000000238418579,0.006000000238418579,7.03125,-0.050776493950532034,-0.05519797280430794,-0.046040236949920654,26
6,0.6000000238418579,0.006000000238418579,7.1875,-0.050279908680490086,-0.05526534840464592,-0.0454377643764019,42
6,0.6000000238418579,0.006000000238418579,7.34375,-0.049707644948592554,-0.05431942269206047,-0.044791776686906815,65
6,0.6000000238418579,0.006000000238418579,7.5,-0.04893096163868904,-0.05351211130619049,-0.04408013075590134,65
6,0.6000000238418579,0.006000000238418579,7.65625,-0.04815550572597063,-0.052856020629405975,-0.043161965906620026,65
6,0.6000000238418579,0.006000000238418579,7.8125,-0.04760133618996902,-0.05223895609378815,-0.04220728203654289,44
6,0.6000000238418579,0.006000000238418579,7.96875,-0.047046281540623076,-0.05166039988398552,-0.042557455599308014,26
6,0.6000000238418579,0.006000000238418579,8.125,-0.04647015490465694,-0.05116390436887741,-0.0419597253203392,18
6,0.6000000238418579,0.006000000238418579,8.28125,-0.04595025682023594,-0.050706300884485245,-0.041211068630218506,14
6,0.6000000238418579,0.006000000238418579,8.4375,-0.045473297126591206,-0.050506021827459335,-0.040564071387052536,12
6,0.6000000238418579,0.006000000238418579,8.59375,-0.04495669590930144,-0.050324130803346634,-0.03975163400173187,12
6,0.6000000238418579,0.006000000238418579,8.75,-0.044373753294348714,-0.04995594173669815,-0.038788847625255585,10
6,0.6000000238418579,0.006000000238418579,8.90625,-0.043776309583336115,-0.04963890090584755,-0.03794551640748978,8
6,0.6000000238418579,0.006000000238418579,9.0625,-0.042947637382894754,-0.04904226213693619,-0.036903321743011475,8
6,0.6000000238418579,0.006000000238418579,9.21875,-0.04190162383019924,-0.04820852354168892,-0.035564832389354706,8
6,0.6000000238418579,0.006000000238418579,9.375,-0.04063568729907274,-0.04728080332279205,-0.03395695611834526,8
6,0.6000000238418579,0.006000000238418579,9.53125,-0.03913520462810993,-0.046102069318294525,-0.03204300254583359,8
6,0.6000000238418579,0.006000000238418579,9.6875,-0.03638729479696069,-0.04455495998263359,-0.03000594675540924,7
6,0.6000000238418579,0.006000000238418579,9.84375,-0.035320864990353584,-0.04250601306557655,-0.028125230222940445,6
6,0.6000000238418579,0.006000000238418579,10.0,-0.032992104068398476,-0.04016691446304321,-0.025805050507187843,6
6,0.6000000238418579,0.006000000238418579,10.15625,-0.03066832696398099,-0.037798814475536346,-0.023558033630251884,6
6,0.6000000238418579,0.006000000238418579,10.3125,-0.028651908040046692,-0.03584110736846924,-0.021590569987893105,8
6,0.6000000238418579,0.006000000238418579,10.46875,-0.026851541828364134,-0.033789075911045074,-0.02002265304327011,8
6,0.6000000238418579,0.006000000238418579,10.625,-0.02530120173469186,-0.03186054527759552,-0.018778475001454353,8
6,0.6000000238418579,0.006000000238418579,10.78125,-0.024023941485211253,-0.03023606725037098,-0.017816774547100067,8
6,0.6000000238418579,0.006000000238418579,10.9375,-0.02297827904112637,-0.028912166133522987,-0.017007961869239807,8
6,0.6000000238418579,0.006000000238418579,11.09375,-0.022168699884787202,-0.027852721512317657,-0.01646173931658268,8
6,0.6000000238418579,0.006000000238418579,11.25,-0.021602130495011806,-0.026942165568470955,-0.01622648909687996,10
6,0.6000000238418579,0.006000000238418579,11.40625,-0.021060856369634468,-0.02600887417793274,-0.01595039665699005,12
6,0.6000000238418579,0.006000000238418579,11.5625,-0.020591961530347664,-0.02524837851524353,-0.01584726758301258,12
6,0.6000000238418579,0.006000000238418579,11.71875,-0.020166688598692417,-0.024543089792132378,-0.015726260840892792,14
6,0.6000000238418579,0.006000000238418579,11.875,-0.01970343105494976,-0.023798003792762756,-0.015329351648688316,18
6,0.6000000238418579,0.006000000238418579,12.03125,-0.019181767120384254,-0.023263301700353622,-0.014872539788484573,26
6,0.6000000238418579,0.006000000238418579,12.1875,-0.01872803634476094,-0.023597119376063347,-0.014304115436971188,42
6,0.6000000238418579,0.006000000238418579,12.34375,-0.018247105725682698,-0.022716691717505455,-0.013690430670976639,65
6,0.6000000238418579,0.006000000238418579,12.5,-0.01748588221290937,-0.021868687123060226,-0.013024120591580868,65
6,0.6000000238418579,0.006000000238418579,12.65625,-0.016724832098071393,-0.021200358867645264,-0.012152771465480328,65
6,0.6000000238418579,0.006000000238418579,12.8125,-0.016296294644813646,-0.020592210814356804,-0.011297844350337982,44
6,0.6000000238418579,0.006000000238418579,12.96875,-0.015813882641780835,-0.0200196485966444,-0.011764733120799065,26
6,0.6000000238418579,0.006000000238418579,13.125,-0.015293423138144944,-0.019549118354916573,-0.011266561225056648,18
6,0.6000000238418579,0.006000000238418579,13.28125,-0.014833905201937472,-0.019133003428578377,-0.010582669638097286,14
6,0.6000000238418579,0.006000000238418579,13.4375,-0.014413373622422418,-0.018987320363521576,-0.009935298934578896,12
6,0.6000000238418579,0.006000000238418579,13.59375,-0.013949457556009293,-0.018861999735236168,-0.009198014624416828,12
6,0.6000000238418579,0.006000000238418579,13.75,-0.013418083637952804,-0.018565412610769272,-0.008295120671391487,10
6,0.6000000238418579,0.006000000238418579,13.90625,-0.012872195336967707,-0.018318483605980873,-0.0074502164497971535,8
6,0.6000000238418579,0.006000000238418579,14.0625,-0.012093364959582686,-0.01778525300323963,-0.0064435857348144054,8
6,0.6000000238418579,0.006000000238418579,14.21875,-0.011097697599325329,-0.017018288373947144,-0.005174574907869101,8
6,0.6000000238418579,0.006000000238418579,14.375,-0.009884684608550742,-0.016141120344400406,-0.0036276765167713165,8
6,0.6000000238418579,0.006000000238418579,14.53125,-0.008442374935839325,-0.015007250010967255,-0.001775307347998023,8
6,0.6000000238418579,0.006000000238418579,14.6875,-0.005818945151986554,-0.013494862243533134,0.0001827108790166676,7
6,0.6000000238418579,0.006000000238418579,14.84375,-0.004746979024882118,-0.01146620325744152,0.0019807578064501286,6
6,0.6000000238418579,0.006000000238418579,15.0,-0.0024527694719533124,-0.009153613820672035,0.004250757396221161,6
6,0.6000000238418579,0.006000000238418579,15.15625,-0.00014417579708000025,-0.00680523319169879,0.006475262809544802,6
6,0.6000000238418579,0.006000000238418579,15.3125,0.0018590443069115281,-0.00489133782684803,0.0084480419754982,8
6,0.6000000238418579,0.006000000238418579,15.46875,0.0036414431233424693,-0.0028775495011359453,0.010022083297371864,8
6,0.6000000238418579,0.006000000238418579,15.625,0.005174298596102744,-0.0009824455482885242,0.01127234660089016,8
6,0.6000000238418579,0.006000000238418579,15.78125,0.006436114839743823,0.0006014922400936484,0.012248058803379536,8
6,0.6000000238418579,0.006000000238418579,15.9375,0.007469895470421761,0.001893683336675167,0.013081914745271206,8
6,0.6000000238418579,0.006000000238418579,16.09375,0.008271175873233005,0.002906218869611621,0.013657507486641407,8
6,0.6000000238418579,0.006000000238418579,16.25,0.008832486346364021,0.0037522325292229652,0.013931775465607643,10
6,0.6000000238418579,0.006000000238418579,16.40625,0.009372751965808371,0.0046544685028493404,0.014248058199882507,12
6,0.6000000238418579,0.006000000238418579,16.5625,0.009842491320644816,0.005394384264945984,0.014388097450137138,12
6,0.6000000238418579,0.006000000238418579,16.71875,0.010268999596259423,0.006035792175680399,0.01454507652670145,14
6,0.6000000238418579,0.006000000238418579,16.875,0.010734801853282584,0.0067309970036149025,0.014967101626098156,18
6,0.6000000238418579,0.006000000238418579,17.03125,0.01125745650810691,0.007240517530590296,0.015440890565514565,26
6,0.6000000238418579,0.006000000238418579,17.1875,0.011744484919208016,0.0068138837814331055,0.01601524092257023,44
6,0.6000000238418579,0.006000000238418579,17.34375,0.012203539370630796,0.007672937121242285,0.016626259312033653,65
6,0.6000000238418579,0.006000000238418579,17.5,0.012957212113990233,0.008524156175553799,0.017299896106123924,65
6,0.6000000238418579,0.006000000238418579,17.65625,0.013711489980610517,0.009178985841572285,0.018152905628085136,65
6,0.6000000238418579,0.006000000238418579,17.8125,0.014157499631189487,0.009778323583304882,0.01903827302157879,44
6,0.6000000238418579,0.006000000238418579,17.96875,0.014627813504865536,0.010335169732570648,0.018699975684285164,26
6,0.6000000238418579,0.006000000238418579,18.125,0.015142930464612113,0.010781950317323208,0.019227469339966774,18
6,0.6000000238418579,0.006000000238418579,18.28125,0.015596773741500718,0.011167892254889011,0.019958622753620148,14
6,0.6000000238418579,0.006000000238418579,18.4375,0.01601260465880235,0.01127513125538826,0.020663980394601822,12
6,0.6000000238418579,0.006000000238418579,18.59375,0.016472602883974712,0.011360782198607922,0.021417811512947083,12
6,0.6000000238418579,0.006000000238418579,18.75,0.017000922840088604,0.011612595058977604,0.022346695885062218,10
6,0.6000000238418579,0.006000000238418579,18.90625,0.017546844785101712,0.011815447360277176,0.023252146318554878,8
6,0.6000000238418579,0.006000000238418579,19.0625,0.018328870995901525,0.012312916107475758,0.024301348254084587,8
6,0.6000000238418579,0.006000000238418579,19.21875,0.019331229850649834,0.01304779015481472,0.025600038468837738,8
6,0.6000000238418579,0.006000000238418579,19.375,0.020555244525894523,0.013904082588851452,0.02718455158174038,8
6,0.6000000238418579,0.006000000238418579,19.53125,0.022010402171872556,0.015026433393359184,0.029067806899547577,8
6,0.6000000238418579,0.006000000238418579,19.6875,0.024714744250689234,0.01654377579689026,0.03106202930212021,7
6,0.6000000238418579,0.006000000238418579,19.84375,0.025757354373733204,0.018602285534143448,0.032904863357543945,6
6,0.6000000238418579,0.006000000238418579,20.0,0.028085514592627685,0.02095595747232437,0.03519652783870697,6
6,0.6000000238418579,0.006000000238418579,20.15625,0.03043205849826336,0.023358114063739777,0.0374501496553421,6
6,0.6000000238418579,0.006000000238418579,20.3125,0.032474700128659606,0.025313200429081917,0.03944813460111618,8
6,0.6000000238418579,0.006000000238418579,20.46875,0.03429996408522129,0.02737133763730526,0.041057731956243515,8
6,0.6000000238418579,0.006000000238418579,20.625,0.0358773535117507,0.029318038374185562,0.04235081747174263,8
6,0.6000000238418579,0.006000000238418579,20.78125,0.037185604916885495,0.03094695322215557,0.04338080435991287,8
6,0.6000000238418579,0.006000000238418579,20.9375,0.03826776333153248,0.032304439693689346,0.044276151806116104,8
6,0.6000000238418579,0.006000000238418579,21.09375,0.039119480177760124,0.03335260972380638,0.044916629791259766,8
6,0.6000000238418579,0.006000000238418579,21.25,0.039734287187457085,0.0341983363032341,0.04526273533701897,10
6,0.6000000238418579,0.006000000238418579,21.40625,0.040328530284265675,0.03516334295272827,0.04565267264842987,12
6,0.6000000238418579,0.006000000238418579,21.5625,0.04085359132538239,0.03598029166460037,0.04585178941488266,12
6,0.6000000238418579,0.006000000238418579,21.71875,0.04133897487606321,0.036624081432819366,0.04606601968407631,14
6,0.6000000238418579,0.006000000238418579,21.875,0.04186741179890103,0.037386707961559296,0.046532515436410904,18
6,0.6000000238418579,0.006000000238418579,22.03125,0.042447908279987484,0.03799624741077423,0.04703550040721893,26
6,0.6000000238418579,0.006000000238418579,22.1875,0.04300969644364985,0.03768502548336983,0.04761936143040657,44
6,0.6000000238418579,0.006000000238418579,22.34375,0.04359416262461589,0.038645029067993164,0.048244789242744446,65
6,0.6000000238418579,0.006000000238418579,22.5,0.04436445654584811,0.03954147920012474,0.04890850558876991,65
6,0.6000000238418579,0.006000000238418579,22.65625,0.045136339561297346,0.040240418165922165,0.04972405359148979,65
6,0.6000000238418579,0.006000000238418579,22.8125,0.04567791716280309,0.04087114706635475,0.05067812651395798,44
6,0.6000000238418579,0.006000000238418579,22.96875,0.04618850808877211,0.04146144539117813,0.05060609057545662,26
6,0.6000000238418579,0.006000000238418579,23.125,0.0467469986114237,0.04193638265132904,0.051199156790971756,18
6,0.6000000238418579,0.006000000238418579,23.28125,0.047249852546623776,0.0423455685377121,0.05204475671052933,14
6,0.6000000238418579,0.006000000238418579,23.4375,0.04771553073078394,0.042463529855012894,0.05290090665221214,12
6,0.6000000238418579,0.006000000238418579,23.59375,0.048223741352558136,0.0425604023039341,0.05370708927512169,12
6,0.6000000238418579,0.006000000238418579,23.75,0.04880992583930492,0.042823679745197296,0.05476069450378418,10
6,0.6000000238418579,0.006000000238418579,23.90625,0.049426887184381485,0.043046094477176666,0.05577665939927101,8
6,0.6000000238418579,0.006000000238418579,24.0625,0.05029239226132631,0.043594688177108765,0.056942522525787354,8
6,0.6000000238418579,0.006000000238418579,24.21875,0.051393432542681694,0.04440559074282646,0.05833074077963829,8
6,0.6000000238418579,0.006000000238418579,24.375,0.05273437686264515,0.045368339866399765,0.060032568871974945,8
6,0.6000000238418579,0.006000000238418579,24.53125,0.05431926203891635,0.04663170129060745,0.062029335647821426,8
6,0.6000000238418579,0.006000000238418579,24.6875,0.057271713124854226,0.04834143817424774,0.0641406700015068,7
6,0.6000000238418579,0.006000000238418579,24.84375,0.05841608593861262,0.05066196247935295,0.0661359578371048,6
6,0.6000000238418579,0.006000000238418579,25.0,0.060959616055091224,0.053319092839956284,0.06855106353759766,6
6,0.6000000238418579,0.006000000238418579,25.15625,0.06354181033869584,0.05605354905128479,0.07094693183898926,6
6,0.6000000238418579,0.006000000238418579,25.3125,0.0658262693323195,0.05831695720553398,0.07310187816619873,8
6,0.6000000238418579,0.006000000238418579,25.46875,0.06790301902219653,0.06068691983819008,0.07489517331123352,8
6,0.6000000238418579,0.006000000238418579,25.625,0.06973538640886545,0.06295537948608398,0.07639461755752563,8
6,0.6000000238418579,0.006000000238418579,25.78125,0.07130307890474796,0.06488405168056488,0.07766019552946091,8
6,0.6000000238418579,0.006000000238418579,25.9375,0.07265054434537888,0.06652679294347763,0.07880707085132599,8
6,0.6000000238418579,0.006000000238418579,26.09375,0.07377627119421959,0.06783376634120941,0.07973042130470276,8
6,0.6000000238418579,0.006000000238418579,26.25,0.07468012347817421,0.06895704567432404,0.08038931339979172,10
6,0.6000000238418579,0.006000000238418579,26.40625,0.07556770617763202,0.07016950845718384,0.08110681921243668,12
6,0.6000000238418579,0.006000000238418579,26.5625,0.07640132618447144,0.07126887142658234,0.08163852244615555,12
6,0.6000000238418579,0.006000000238418579,26.71875,0.07721388233559472,0.07211010158061981,0.08218713104724884,14
6,0.6000000238418579,0.006000000238418579,26.875,0.07811023791631062,0.07310865074396133,0.08289728313684464,18
6,0.6000000238418579,0.006000000238418579,27.03125,0.07894531035652527,0.07388981431722641,0.08362255245447159,26
6,0.6000000238418579,0.006000000238418579,27.1875,0.07990722696889531,0.0754789412021637,0.08444780856370926,44
6,0.6000000238418579,0.006000000238418579,27.34375,0.08111876593186305,0.07620841264724731,0.0856364518404007,65
6,0.6000000238418579,0.006000000238418579,27.5,0.08189902156591415,0.07684438675642014,0.0863528773188591,65
6,0.6000000238418579,0.006000000238418579,27.65625,0.082680999315702,0.07736439257860184,0.08725787699222565,65
6,0.6000000238418579,0.006000000238418579,27.8125,0.08332420851696622,0.07778088748455048,0.08853179216384888,44
6,0.6000000238418579,0.006000000238418579,27.96875,0.0838176287137545,0.07830621302127838,0.0890161320567131,26
6,0.6000000238418579,0.006000000238418579,28.125,0.08444584119651052,0.07873180508613586,0.08982398360967636,18
6,0.6000000238418579,0.006000000238418579,28.28125,0.08486523798533849,0.07907861471176147,0.0905369445681572,14
6,0.6000000238418579,0.006000000238418579,28.4375,0.08529904360572498,0.07913942635059357,0.09137582033872604,12
6,0.6000000238418579,0.006000000238418579,28.59375,0.08579222795863946,0.07917512208223343,0.09226386249065399,12
6,0.6000000238418579,0.006000000238418579,28.75,0.08620724901556968,0.07919757813215256,0.09314145892858505,10
6,0.6000000238418579,0.006000000238418579,28.90625,0.08662198856472969,0.0791388526558876,0.09404142200946808,8
6,0.6000000238418579,0.006000000238418579,29.0625,0.08712141960859299,0.07919404655694962,0.09501957893371582,8
6,0.6000000238418579,0.006000000238418579,29.21875,0.08768795803189278,0.07925195246934891,0.0960623025894165,8
6,0.6000000238418579,0.006000000238418579,29.375,0.08832076098769903,0.07936669141054153,0.09716597944498062,8
6,0.6000000238418579,0.006000000238418579,29.53125,0.08897192869335413,0.07948743551969528,0.09838806092739105,8
6,0.6000000238418579,0.006000000238418579,29.6875,0.09099194833210536,0.07972721010446548,0.09952640533447266,7
6,0.6000000238418579,0.006000000238418579,29.84375,0.09036311879754066,0.08009333163499832,0.10052043199539185,6
6,0.6000000238418579,0.006000000238418579,30.0,0.09111165503660838,0.08037319034337997,0.10167212039232254,6
7,0.699999988079071,0.006999999781449636,0.0,-0.11191190282503764,-0.12364090234041214,-0.09995685517787933,6
7,0.699999988079071,0.006999999781449636,0.15625,-0.11102915927767754,-0.12230435758829117,-0.09963808208703995,6
7,0.699999988079071,0.006999999781449636,0.3125,-0.11026357300579548,-0.12113507837057114,-0.09926319867372513,8
7,0.699999988079071,0.006999999781449636,0.46875,-0.10937859211117029,-0.1198209896683693,-0.09887253493070602,8
7,0.699999988079071,0.006999999781449636,0.625,-0.10848549474030733,-0.1184229627251625,-0.0984879732131958,8
7,0.699999988079071,0.006999999781449636,0.78125,-0.10767736379057169,-0.11714626848697662,-0.09815967082977295,8
7,0.699999988079071,0.006999999781449636,0.9375,-0.10695776995271444,-0.11594486981630325,-0.09794361889362335,8
7,0.699999988079071,0.006999999781449636,1.09375,-0.1063363179564476,-0.11481688916683197,-0.09778483211994171,8
7,0.699999988079071,0.006999999781449636,1.25,-0.10582275912165642,-0.11377909779548645,-0.09778589755296707,10
7,0.699999988079071,0.006999999781449636,1.40625,-0.1053208267937104,-0.1127684935927391,-0.09771418571472168,12
7,0.699999988079071,0.006999999781449636,1.5625,-0.10473867071171601,-0.11174487322568893,-0.0976494550704956,12
7,0.699999988079071,0.006999999781449636,1.71875,-0.10422533910189356,-0.11077655106782913,-0.09753980487585068,14
7,0.699999988079071,0.006999999781449636,1.875,-0.10373112600710657,-0.10995525866746902,-0.09712096303701401,18
7,0.699999988079071,0.006999999781449636,2.03125,-0.10300095293384331,-0.10902583599090576,-0.09661491960287094,26
7,0.699999988079071,0.006999999781449636,2.1875,-0.10242492807182399,-0.10847727954387665,-0.09599556028842926,44
7,0.699999988079071,0.006999999781449636,2.34375,-0.1016856129352863,-0.10701078176498413,-0.09550288319587708,65
7,0.699999988079071,0.006999999781449636,2.5,-0.10078334842736904,-0.1059579849243164,-0.09489165991544724,65
7,0.699999988079071,0.006999999781449636,2.65625,-0.0998836392393479,-0.10512720048427582,-0.09414894133806229,65
7,0.699999988079071,0.006999999781449636,2.8125,-0.0984865508296273,-0.10378019511699677,-0.0932895690202713,44
7,0.699999988079071,0.006999999781449636,2.96875,-0.09737952855917123,-0.1028359979391098,-0.09149762988090515,26
7,0.699999988079071,0.006999999781449636,3.125,-0.09641991721259223,-0.10200988501310349,-0.09059260785579681,18
7,0.699999988079071,0.006999999781449636,3.28125,-0.09539235383272171,-0.10120196640491486,-0.08943505585193634,14
7,0.699999988079071,0.006999999781449636,3.4375,-0.0944628386447827,-0.10058664530515671,-0.08846064656972885,12
7,0.699999988079071,0.006999999781449636,3.59375,-0.09350898303091526,-0.09999464452266693,-0.08719160407781601,12
7,0.699999988079071,0.006999999781449636,3.75,-0.09249545857310296,-0.09919100999832153,-0.08578921854496002,10
7,0.699999988079071,0.006999999781449636,3.90625,-0.09146990533918142,-0.0984640121459961,-0.08449166268110275,8
7,0.699999988079071,0.006999999781449636,4.0625,-0.09019205998629332,-0.09744510799646378,-0.08298340439796448,8
7,0.699999988079071,0.006999999781449636,4.21875,-0.08867033384740353,-0.09617527574300766,-0.0810992643237114,8
7,0.699999988079071,0.006999999781449636,4.375,-0.08689876180142164,-0.09483107924461365,-0.07888389378786087,8
7,0.699999988079071,0.006999999781449636,4.53125,-0.08485498651862144,-0.09321895986795425,-0.07628617435693741,8
7,0.699999988079071,0.006999999781449636,4.6875,-0.08132051463638033,-0.09120777249336243,-0.07355540245771408,7
7,0.699999988079071,0.006999999781449636,4.84375,-0.07985165963570277,-0.08864551037549973,-0.07101421058177948,6
7,0.699999988079071,0.006999999781449636,5.0,-0.07687000433603923,-0.08575929701328278,-0.06793148815631866,6
7,0.699999988079071,0.006999999781449636,5.15625,-0.07391802221536636,-0.08285987377166748,-0.06496980041265488,6
7,0.699999988079071,0.006999999781449636,5.3125,-0.07135227508842945,-0.08040904253721237,-0.062385864555835724,8
7,0.699999988079071,0.006999999781449636,5.46875,-0.0690768132917583,-0.07788374274969101,-0.06033318489789963,8
7,0.699999988079071,0.006999999781449636,5.625,-0.06710707489401102,-0.07550547271966934,-0.05870327726006508,8
7,0.699999988079071,0.006999999781449636,5.78125,-0.06547815958037972,-0.07347749173641205,-0.05744326114654541,8
7,0.699999988079071,0.006999999781449636,5.9375,-0.06414047908037901,-0.07183197140693665,-0.05640260875225067,8
7,0.699999988079071,0.006999999781449636,6.09375,-0.06309690978378057,-0.07046142220497131,-0.05570026859641075,8
7,0.699999988079071,0.006999999781449636,6.25,-0.06235170550644398,-0.06927146762609482,-0.055399615317583084,10
7,0.699999988079071,0.006999999781449636,6.40625,-0.0616519662241141,-0.06803752481937408,-0.055061809718608856,12
7,0.699999988079071,0.006999999781449636,6.5625,-0.06104888208210468,-0.06709226220846176,-0.05492645502090454,12
7,0.699999988079071,0.006999999781449636,6.71875,-0.06049462913402489,-0.06609329581260681,-0.05477122962474823,14
7,0.699999988079071,0.006999999781449636,6.875,-0.05989714484247896,-0.06509380787611008,-0.0542801171541214,18
7,0.699999988079071,0.006999999781449636,7.03125,-0.05923924322884817,-0.06439763307571411,-0.053713612258434296,26
7,0.699999988079071,0.006999999781449636,7.1875,-0.05865989368231524,-0.06447623670101166,-0.0530107244849205,42
7,0.699999988079071,0.006999999781449636,7.34375,-0.05799225224898412,-0.0633726641535759,-0.05225707218050957,65
7,0.699999988079071,0.006999999781449636,7.5,-0.05708612197866807,-0.06243079528212547,-0.05142682045698166,65
7,0.699999988079071,0.006999999781449636,7.65625,-0.05618142330875764,-0.061665356159210205,-0.05035562440752983,65
7,0.699999988079071,0.006999999781449636,7.8125,-0.05553489220751957,-0.06094545125961304,-0.04924182966351509,44
7,0.699999988079071,0.006999999781449636,7.96875,-0.054887328296899796,-0.06027046591043472,-0.04965036362409592,26
7,0.699999988079071,0.006999999781449636,8.125,-0.054215180377165474,-0.05969122052192688,-0.04895301163196564,18
7,0.699999988079071,0.006999999781449636,8.28125,-0.05360863357782364,-0.0591573528945446,-0.048079583793878555,14
7,0.699999988079071,0.006999999781449636,8.4375,-0.05305218044668436,-0.05892369523644447,-0.04732475057244301,12
7,0.699999988079071,0.006999999781449636,8.59375,-0.05244947783648968,-0.05871148407459259,-0.04637690261006355,12
7,0.699999988079071,0.006999999781449636,8.75,-0.05176937878131867,-0.05828193202614784,-0.045253656804561615,10
7,0.699999988079071,0.006999999781449636,8.90625,-0.05107236048206687,-0.05791205167770386,-0.04426977038383484,8
7,0.699999988079071,0.006999999781449636,9.0625,-0.050105578266084194,-0.05721597373485565,-0.04305387660861015,8
7,0.699999988079071,0.006999999781449636,9.21875,-0.0488852271810174,-0.056243278086185455,-0.04149230197072029,8
7,0.699999988079071,0.006999999781449636,9.375,-0.0474083018489182,-0.05516093969345093,-0.03961644694209099,8
7,0.699999988079071,0.006999999781449636,9.53125,-0.04565773904323578,-0.05378574877977371,-0.03738350421190262,8
7,0.699999988079071,0.006999999781449636,9.6875,-0.042451844683715274,-0.05198078602552414,-0.035006940364837646,7
7,0.699999988079071,0.006999999781449636,9.84375,-0.04120767551163832,-0.0495903454720974,-0.03281276673078537,6
7,0.699999988079071,0.006999999781449636,10.0,-0.038490789011120796,-0.046861402690410614,-0.030105892568826675,6
7,0.699999988079071,0.006999999781449636,10.15625,-0.03577971396346887,-0.044098615646362305,-0.02748437225818634,6
7,0.699999988079071,0.006999999781449636,10.3125,-0.03342722565867007,-0.04181462898850441,-0.025188997387886047,8
7,0.699999988079071,0.006999999781449636,10.46875,-0.0313267984893173,-0.039420586079359055,-0.023359762504696846,8
7,0.699999988079071,0.006999999781449636,10.625,-0.02951806876808405,-0.037170637398958206,-0.021908219903707504,8
7,0.699999988079071,0.006999999781449636,10.78125,-0.028027931228280067,-0.0352754108607769,-0.020786236971616745,8
7,0.699999988079071,0.006999999781449636,10.9375,-0.026807992020621896,-0.03373086079955101,-0.01984262280166149,8
7,0.699999988079071,0.006999999781449636,11.09375,-0.025863483315333724,-0.03249484300613403,-0.0192053634673357,8
7,0.699999988079071,0.006999999781449636,11.25,-0.02520248554646969,-0.03143252432346344,-0.01893090456724167,10
7,0.699999988079071,0.006999999781449636,11.40625,-0.02457099873572588,-0.030343685299158096,-0.01860879547894001,12
7,0.699999988079071,0.006999999781449636,11.5625,-0.02402395475655794,-0.02945644035935402,-0.018488477915525436,12
7,0.699999988079071,0.006999999781449636,11.71875,-0.02352780316557203,-0.0286336038261652,-0.018347304314374924,14
7,0.699999988079071,0.006999999781449636,11.875,-0.022987336334255006,-0.02776433899998665,-0.01788424327969551,18
7,0.699999988079071,0.006999999781449636,12.03125,-0.022378728366815127,-0.02714051678776741,-0.017351295799016953,26
7,0.699999988079071,0.006999999781449636,12.1875,-0.02184937566163994,-0.027529973536729813,-0.016688134521245956,42
7,0.699999988079071,0.006999999781449636,12.34375,-0.021288290046728574,-0.026502806693315506,-0.015972169116139412,65
7,0.699999988079071,0.006999999781449636,12.5,-0.020400195955657043,-0.02551346831023693,-0.015194807201623917,65
7,0.699999988079071,0.006999999781449636,12.65625,-0.0195123040332244,-0.024733753874897957,-0.014178233221173286,65
7,0.699999988079071,0.006999999781449636,12.8125,-0.019012343646450477,-0.024024246260523796,-0.013180818408727646,44
7,0.699999988079071,0.006999999781449636,12.96875,-0.018449529862174623,-0.023356257006525993,-0.013725521974265575,26
7,0.699999988079071,0.006999999781449636,13.125,-0.01784232688239879,-0.022807303816080093,-0.013144321739673615,18
7,0.699999988079071,0.006999999781449636,13.28125,-0.01730622271341937,-0.02232183702290058,-0.012346448376774788,14
7,0.699999988079071,0.006999999781449636,13.4375,-0.016815602624167997,-0.022151874378323555,-0.011591182090342045,12
7,0.699999988079071,0.006999999781449636,13.59375,-0.016274367381508153,-0.02200566790997982,-0.010731017217040062,12
7,0.699999988079071,0.006999999781449636,13.75,-0.015654431004077197,-0.021659648045897484,-0.009677641093730927,10
7,0.699999988079071,0.006999999781449636,13.90625,-0.015017561381682754,-0.021371563896536827,-0.008691919036209583,8
7,0.699999988079071,0.006999999781449636,14.0625,-0.014108925650361925,-0.02074946090579033,-0.007517516613006592,8
7,0.699999988079071,0.006999999781449636,14.21875,-0.012947313894983381,-0.019854668527841568,-0.006037003826349974,8
7,0.699999988079071,0.006999999781449636,14.375,-0.011532131640706211,-0.01883130706846714,-0.004232289269566536,8
7,0.699999988079071,0.006999999781449636,14.53125,-0.00984943748335354,-0.017508458346128464,-0.0020711920224130154,8
7,0.699999988079071,0.006999999781449636,14.6875,-0.0067887694146650445,-0.015744006261229515,0.00021316269703675061,7
7,0.699999988079071,0.006999999781449636,14.84375,-0.005538142247435947,-0.013377237133681774,0.002310883952304721,6
7,0.699999988079071,0.006999999781449636,15.0,-0.00286156435807546,-0.010679216124117374,0.004959216807037592,6
7,0.699999988079071,0.006999999781449636,15.15625,-0.00016820508365829787,-0.007939438335597515,0.007554473355412483,6
7,0.699999988079071,0.006999999781449636,15.3125,0.002168885024730116,-0.005706561263650656,0.009856048971414566,8
7,0.699999988079071,0.006999999781449636,15.46875,0.004248350072884932,-0.0033571412786841393,0.011692429892718792,8
7,0.699999988079071,0.006999999781449636,15.625,0.006036681741534267,-0.0011461864924058318,0.013151071034371853,8
7,0.699999988079071,0.006999999781449636,15.78125,0.007508800525101833,0.0007017409079708159,0.014289401471614838,8
7,0.699999988079071,0.006999999781449636,15.9375,0.008714878320461139,0.0022092971485108137,0.015262234024703503,8
7,0.699999988079071,0.006999999781449636,16.09375,0.009649705316405743,0.0033905887976288795,0.01593375951051712,8
7,0.699999988079071,0.006999999781449636,16.25,0.010304567590355872,0.004377604462206364,0.01625373773276806,10
7,0.699999988079071,0.006999999781449636,16.40625,0.010934877442196012,0.005430213641375303,0.01662273518741131,12
7,0.699999988079071,0.006999999781449636,16.5625,0.011482906489012143,0.006293448619544506,0.016786113381385803,12
7,0.699999988079071,0.006999999781449636,16.71875,0.011980499506794981,0.007041757460683584,0.016969256103038788,14
7,0.699999988079071,0.006999999781449636,16.875,0.012523935590353277,0.007852829992771149,0.017461618408560753,18
7,0.699999988079071,0.006999999781449636,17.03125,0.013133699253488045,0.008447270840406418,0.018014371395111084,26
7,0.699999988079071,0.006999999781449636,17.1875,0.013701899019493298,0.007949531078338623,0.018684446811676025,44
7,0.699999988079071,0.006999999781449636,17.34375,0.014237462628919345,0.008951759897172451,0.019397303462028503,65
7,0.699999988079071,0.006999999781449636,17.5,0.015116747483037984,0.009944849647581577,0.02018321305513382,65
7,0.699999988079071,0.006999999781449636,17.65625,0.01599673843727662,0.010708816349506378,0.021178390830755234,65
7,0.699999988079071,0.006999999781449636,17.8125,0.016517082843082873,0.011408044025301933,0.022211316972970963,44
7,0.699999988079071,0.006999999781449636,17.96875,0.017065782458163224,0.012057698331773281,0.021816639229655266,26
7,0.699999988079071,0.006999999781449636,18.125,0.017666752139727276,0.012578941881656647,0.022432047873735428,18
7,0.699999988079071,0.006999999781449636,18.28125,0.01819623607609953,0.013029207475483418,0.02328505925834179,14
7,0.699999988079071,0.006999999781449636,18.4375,0.018681372205416363,0.013154319487512112,0.024107975885272026,12
7,0.699999988079071,0.006999999781449636,18.59375,0.0192180370601515,0.013254246674478054,0.024987446144223213,12
7,0.699999988079071,0.006999999781449636,18.75,0.019834410026669504,0.013548027724027634,0.02607114613056183,10
7,0.699999988079071,0.006999999781449636,18.90625,0.0204713192069903,0.013784688897430897,0.027127504348754883,8
7,0.699999988079071,0.006999999781449636,19.0625,0.021383683080784976,0.014365068636834621,0.028351573273539543,8
7,0.699999988079071,0.006999999781449636,19.21875,0.022553101531229913,0.01522242184728384,0.029866712167859077,8
7,0.699999988079071,0.006999999781449636,19.375,0.023981118109077215,0.016221430152654648,0.031715311110019684,8
7,0.699999988079071,0.006999999781449636,19.53125,0.02567880298011005,0.017530839890241623,0.03391244262456894,8
7,0.699999988079071,0.006999999781449636,19.6875,0.028833868514214243,0.019301071763038635,0.03623903542757034,7
7,0.699999988079071,0.006999999781449636,19.84375,0.030050247597197693,0.021702667698264122,0.03838900849223137,6
7,0.699999988079071,0.006999999781449636,20.0,0.03276643343269825,0.024448616430163383,0.0410626158118248,6
7,0.699999988079071,0.006999999781449636,20.15625,0.03550406824797392,0.02725113183259964,0.04369184374809265,6
7,0.699999988079071,0.006999999781449636,20.3125,0.03788715065456927,0.029532067477703094,0.04602282494306564,8
7,0.699999988079071,0.006999999781449636,20.46875,0.04001662414520979,0.03193322569131851,0.04790068790316582,8
7,0.699999988079071,0.006999999781449636,20.625,0.041856912430375814,0.034204378724098206,0.04940928518772125,8
7,0.699999988079071,0.006999999781449636,20.78125,0.04338320530951023,0.036104779690504074,0.05061093717813492,8
7,0.699999988079071,0.006999999781449636,20.9375,0.04464572388678789,0.03768851235508919,0.05165550857782364,8
7,0.699999988079071,0.006999999781449636,21.09375,0.045639393385499716,0.038911376148462296,0.05240273475646973,8
7,0.699999988079071,0.006999999781449636,21.25,0.0463566679507494,0.03989805653691292,0.05280652269721031,10
7,0.699999988079071,0.006999999781449636,21.40625,0.0470499520500501,0.04102390259504318,0.05326145142316818,12
7,0.699999988079071,0.006999999781449636,21.5625,0.04766252233336369,0.04197700694203377,0.05349375307559967,12
7,0.699999988079071,0.006999999781449636,21.71875,0.048228804022073746,0.04272809624671936,0.05374369025230408,14
7,0.699999988079071,0.006999999781449636,21.875,0.04884531411031882,0.04361782595515251,0.05428793653845787,18
7,0.699999988079071,0.006999999781449636,22.03125,0.04952255965998539,0.0443289540708065,0.05487475171685219,26
7,0.699999988079071,0.006999999781449636,22.1875,0.0501779792830348,0.043965864926576614,0.05555592104792595,44
7,0.699999988079071,0.006999999781449636,22.34375,0.05085985649090547,0.04508586600422859,0.05628558620810509,65
7,0.699999988079071,0.006999999781449636,22.5,0.05175853291383156,0.04613172635436058,0.05705992132425308,65
7,0.699999988079071,0.006999999781449636,22.65625,0.05265906252540075,0.04694715514779091,0.05801139399409294,65
7,0.699999988079071,0.006999999781449636,22.8125,0.05329090348360213,0.047683004289865494,0.059124480932950974,44
7,0.699999988079071,0.006999999781449636,22.96875,0.053886592388153076,0.04837168753147125,0.05904043838381767,26
7,0.699999988079071,0.006999999781449636,23.125,0.054538164701726705,0.04892577975988388,0.0597323514521122,18
7,0.699999988079071,0.006999999781449636,23.28125,0.055124827793666294,0.04940316081047058,0.06071888282895088,14
7,0.699999988079071,0.006999999781449636,23.4375,0.055668119030694165,0.04954078420996666,0.06171772629022598,12
7,0.699999988079071,0.006999999781449636,23.59375,0.056261031267543636,0.0496538020670414,0.06265827268362045,12
7,0.699999988079071,0.006999999781449636,23.75,0.056944914162158966,0.04996095970273018,0.06388747692108154,10
7,0.699999988079071,0.006999999781449636,23.90625,0.05766470031812787,0.050220441073179245,0.06507276743650436,8
7,0.699999988079071,0.006999999781449636,24.0625,0.058674457017332315,0.05086047202348709,0.06643293797969818,8
7,0.699999988079071,0.006999999781449636,24.21875,0.05995900509878993,0.05180652439594269,0.06805253028869629,8
7,0.699999988079071,0.006999999781449636,24.375,0.06152343889698386,0.05292972922325134,0.07003799825906754,8
7,0.699999988079071,0.006999999781449636,24.53125,0.06337247183546424,0.054403651505708694,0.07236755639314651,8
7,0.699999988079071,0.006999999781449636,24.6875,0.06681699891175542,0.05639834702014923,0.07483077794313431,7
7,0.699999988079071,0.006999999781449636,24.84375,0.0681521004686753,0.05910562351346016,0.0771586149930954,6
7,0.699999988079071,0.006999999781449636,25.0,0.07111955247819424,0.06220560893416405,0.07997624576091766,6
7,0.699999988079071,0.006999999781449636,25.15625,0.07413211092352867,0.06539580225944519,0.0827714204788208,6
7,0.699999988079071,0.006999999781449636,25.3125,0.0767973167821765,0.06803645193576813,0.08528552949428558,8
7,0.699999988079071,0.006999999781449636,25.46875,0.07922018971294165,0.07080140709877014,0.08737770467996597,8
7,0.699999988079071,0.006999999781449636,25.625,0.08135795034468174,0.07344794273376465,0.0891270563006401,8
7,0.699999988079071,0.006999999781449636,25.78125,0.08318692538887262,0.07569806277751923,0.09060356020927429,8
7,0.699999988079071,0.006999999781449636,25.9375,0.08475896716117859,0.07761459052562714,0.09194158017635345,8
7,0.699999988079071,0.006999999781449636,26.09375,0.08607231639325619,0.07913939654827118,0.09301882237195969,8
7,0.699999988079071,0.006999999781449636,26.25,0.0871268130838871,0.08044988662004471,0.0937875360250473,10
7,0.699999988079071,0.006999999781449636,26.40625,0.08816232345998287,0.08186442404985428,0.09462462365627289,12
7,0.699999988079071,0.006999999781449636,26.5625,0.08913487941026688,0.08314701169729233,0.09524493664503098,12
7,0.699999988079071,0.006999999781449636,26.71875,0.09008286254746574,0.08412845432758331,0.09588498622179031,14
7,0.699999988079071,0.006999999781449636,26.875,0.09112861131628354,0.08529341965913773,0.09671349823474884,18
7,0.699999988079071,0.006999999781449636,27.03125,0.09210286117517032,0.08620478212833405,0.09755964577198029,26
7,0.699999988079071,0.006999999781449636,27.1875,0.09322509813037785,0.08805876225233078,0.09852243959903717,44
7,0.699999988079071,0.006999999781449636,27.34375,0.09463856059771318,0.0889098197221756,0.09990919381380081,65
7,0.699999988079071,0.006999999781449636,27.5,0.09554885900937594,0.08965178579092026,0.10074502229690552,65
7,0.699999988079071,0.006999999781449636,27.65625,0.09646116563907037,0.09025845676660538,0.10180085152387619,65
7,0.699999988079071,0.006999999781449636,27.8125,0.09721157716756518,0.09074436873197556,0.10328709334135056,44
7,0.699999988079071,0.006999999781449636,27.96875,0.09778723378594105,0.09135724604129791,0.10385215282440186,26
7,0.699999988079071,0.006999999781449636,28.125,0.09852014854550362,0.09185377508401871,0.10479464381933212,18
7,0.699999988079071,0.006999999781449636,28.28125,0.09900944413883346,0.09225837886333466,0.1056264340877533,14
7,0.699999988079071,0.006999999781449636,28.4375,0.09951555045942466,0.09232933074235916,0.10660512745380402,12
7,0.699999988079071,0.006999999781449636,28.59375,0.10009093210101128,0.09237097203731537,0.10764117538928986,12
7,0.699999988079071,0.006999999781449636,28.75,0.10057512372732162,0.09239717572927475,0.10866503417491913,10
7,0.699999988079071,0.006999999781449636,28.90625,0.10105898603796959,0.09232866764068604,0.10971498489379883,8
7,0.699999988079071,0.006999999781449636,29.0625,0.1016416558995843,0.09239305555820465,0.11085617542266846,8
7,0.699999988079071,0.006999999781449636,29.21875,0.10230261646211147,0.09246060997247696,0.11207268387079239,8
7,0.699999988079071,0.006999999781449636,29.375,0.10304088704288006,0.09259447455406189,0.11336030811071396,8
7,0.699999988079071,0.006999999781449636,29.53125,0.10380058456212282,0.09273534268140793,0.1147860735654831,8
7,0.699999988079071,0.006999999781449636,29.6875,0.10615727305412292,0.09301508218050003,0.11611413955688477,7
7,0.699999988079071,0.006999999781449636,29.84375,0.10542364045977592,0.09344222396612167,0.11727383732795715,6
7,0.699999988079071,0.006999999781449636,30.0,0.10629692922035854,0.09376871585845947,0.1186174675822258,6
8,0.800000011920929,0.007999999821186066,0.0,-0.12789931893348694,-0.1413038969039917,-0.11423640698194504,6
8,0.800000011920929,0.007999999821186066,0.15625,-0.12689046934247017,-0.13977640867233276,-0.11387209594249725,6
8,0.800000011920929,0.007999999821186066,0.3125,-0.12601551227271557,-0.1384400874376297,-0.11344365775585175,8
8,0.800000011920929,0.007999999821186066,0.46875,-0.1250041052699089,-0.13693827390670776,-0.11299718916416168,8
8,0.800000011920929,0.007999999821186066,0.625,-0.12398341950029135,-0.13534052670001984,-0.11255768686532974,8
8,0.800000011920929,0.007999999821186066,0.78125,-0.1230598445981741,-0.13388144969940186,-0.11218248307704926,8
8,0.800000011920929,0.007999999821186066,0.9375,-0.12223745137453079,-0.13250842690467834,-0.1119355708360672,8
8,0.800000011920929,0.007999999821186066,1.09375,-0.121527218259871,-0.1312192976474762,-0.11175408959388733,8
8,0.800000011920929,0.007999999821186066,1.25,-0.12094029635190964,-0.13003325462341309,-0.11175531148910522,10
8,0.800000011920929,0.007999999821186066,1.40625,-0.12036665963629882,-0.12887828052043915,-0.11167335510253906,12
8,0.800000011920929,0.007999999821186066,1.5625,-0.11970133769015472,-0.12770842015743256,-0.1115993782877922,12
8,0.800000011920929,0.007999999821186066,1.71875,-0.1191146724990436,-0.12660177052021027,-0.11147406697273254,14
8,0.800000011920929,0.007999999821186066,1.875,-0.11854985894428359,-0.125663161277771,-0.11099538952112198,18
8,0.800000011920929,0.007999999821186066,2.03125,-0.11771537449497443,-0.12460095435380936,-0.11041704565286636,26
8,0.800000011920929,0.007999999821186066,2.1875,-0.11705706065351312,-0.1239740327000618,-0.10970921069383621,44
8,0.800000011920929,0.007999999821186066,2.34375,-0.11621212959289551,-0.12229803204536438,-0.10914614796638489,65
8,0.800000011920929,0.007999999821186066,2.5,-0.11518096992602715,-0.12109483778476715,-0.1084476113319397,65
8,0.800000011920929,0.007999999821186066,2.65625,-0.11415273065750416,-0.12014537304639816,-0.10759878903627396,65
8,0.800000011920929,0.007999999821186066,2.8125,-0.1125560582361438,-0.11860594153404236,-0.10661665350198746,44
8,0.800000011920929,0.007999999821186066,2.96875,-0.11129088986378449,-0.11752685159444809,-0.1045687198638916,26
8,0.800000011920929,0.007999999821186066,3.125,-0.11019419092271063,-0.1165827214717865,-0.10353440791368484,18
8,0.800000011920929,0.007999999821186066,3.28125,-0.10901983401605062,-0.11565938591957092,-0.10221149772405624,14
8,0.800000011920929,0.007999999821186066,3.4375,-0.10795752890408039,-0.11495617032051086,-0.10109788179397583,12
8,0.800000011920929,0.007999999821186066,3.59375,-0.10686740775903066,-0.1142795979976654,-0.09964754432439804,12
8,0.800000011920929,0.007999999821186066,3.75,-0.10570909529924392,-0.11336115747690201,-0.09804482012987137,10
8,0.800000011920929,0.007999999821186066,3.90625,-0.10453703347593546,-0.11253029853105545,-0.09656189382076263,8
8,0.800000011920929,0.007999999821186066,4.0625,-0.10307663958519697,-0.11136583238840103,-0.09483817964792252,8
8,0.800000011920929,0.007999999821186066,4.21875,-0.10133752599358559,-0.10991460829973221,-0.09268487244844437,8
8,0.800000011920929,0.007999999821186066,4.375,-0.0993128726258874,-0.10837838053703308,-0.09015302360057831,8
8,0.800000011920929,0.007999999821186066,4.53125,-0.09697712492197752,-0.10653594881296158,-0.08718419820070267,8
8,0.800000011920929,0.007999999821186066,4.6875,-0.09293773238148008,-0.10423745959997177,-0.08406331390142441,7
8,0.800000011920929,0.007999999821186066,4.84375,-0.09125903993844986,-0.1013091504573822,-0.08115909993648529,6
8,0.800000011920929,0.007999999821186066,5.0,-0.08785143370429675,-0.09801062196493149,-0.0776359885931015,6
8,0.800000011920929,0.007999999821186066,5.15625,-0.08447774002949397,-0.0946969985961914,-0.0742511972784996,6
8,0.800000011920929,0.007999999821186066,5.3125,-0.08154545817524195,-0.09189604967832565,-0.07129812985658646,8
8,0.800000011920929,0.007999999821186066,5.46875,-0.07894492894411087,-0.08900998532772064,-0.06895221024751663,8
8,0.800000011920929,0.007999999821186066,5.625,-0.07669380027800798,-0.08629196882247925,-0.06708946079015732,8
8,0.800000011920929,0.007999999821186066,5.78125,-0.0748321833088994,-0.08397427946329117,-0.06564944237470627,8
8,0.800000011920929,0.007999999821186066,5.9375,-0.07330340333282948,-0.08209367841482162,-0.06446012854576111,8
8,0.800000011920929,0.007999999821186066,6.09375,-0.07211075443774462,-0.08052733540534973,-0.06365744769573212,8
8,0.800000011920929,0.007999999821186066,6.25,-0.07125909402966499,-0.07916739583015442,-0.06331384927034378,10
8,0.800000011920929,0.007999999821186066,6.40625,-0.07045939067999522,-0.07775717228651047,-0.06292778253555298,12
8,0.800000011920929,0.007999999821186066,6.5625,-0.06977015112837155,-0.0766768753528595,-0.06277308613061905,12
8,0.800000011920929,0.007999999821186066,6.71875,-0.06913671908634049,-0.07553519308567047,-0.06259569525718689,14
8,0.800000011920929,0.007999999821186066,6.875,-0.06845387899213368,-0.07439292222261429,-0.06203442066907883,18
8,0.800000011920929,0.007999999821186066,7.03125,-0.06770199265044469,-0.07359729707241058,-0.06138698384165764,26
8,0.800000011920929,0.007999999821186066,7.1875,-0.06703987850674561,-0.0736871287226677,-0.0605836845934391,42
8,0.800000011920929,0.007999999821186066,7.34375,-0.06627685926281489,-0.07242589443922043,-0.05972236767411232,65
8,0.800000011920929,0.007999999821186066,7.5,-0.06524128249058357,-0.07134947925806046,-0.05877351015806198,65
8,0.800000011920929,0.007999999821186066,7.65625,-0.06420734152197838,-0.07047469168901443,-0.057549286633729935,65
8,0.800000011920929,0.007999999821186066,7.8125,-0.06346844873306426,-0.06965194642543793,-0.05627637729048729,44
8,0.800000011920929,0.007999999821186066,7.96875,-0.06272837533973731,-0.06888052821159363,-0.05674327164888382,26
8,0.800000011920929,0.007999999821186066,8.125,-0.061960206677516304,-0.06821853667497635,-0.05594630166888237,18
8,0.800000011920929,0.007999999821186066,8.28125,-0.061267009537134855,-0.06760840117931366,-0.054948095232248306,14
8,0.800000011920929,0.007999999821186066,8.4375,-0.06063106283545494,-0.06734136492013931,-0.05408542975783348,12
8,0.800000011920929,0.007999999821186066,8.59375,-0.05994225976367792,-0.06709884107112885,-0.05300217494368553,12
8,0.800000011920929,0.007999999821186066,8.75,-0.05916500464081764,-0.06660792231559753,-0.05171846225857735,10
8,0.800000011920929,0.007999999821186066,8.90625,-0.058368412777781487,-0.06618519872426987,-0.0505940206348896,8
8,0.800000011920929,0.007999999821186066,9.0625,-0.05726351821795106,-0.06538968533277512,-0.04920443147420883,8
8,0.800000011920929,0.007999999821186066,9.21875,-0.055868832394480705,-0.0642780289053917,-0.047419775277376175,8
8,0.800000011920929,0.007999999821186066,9.375,-0.05418091453611851,-0.0630410686135292,-0.045275941491127014,8
8,0.800000011920929,0.007999999821186066,9.53125,-0.052180273458361626,-0.0614694282412529,-0.04272400587797165,8
8,0.800000011920929,0.007999999821186066,9.6875,-0.04851639270782471,-0.05940661206841469,-0.040007930248975754,7
8,0.800000011920929,0.007999999821186066,9.84375,-0.04709448665380478,-0.05667468160390854,-0.03750030696392059,6
8,0.800000011920929,0.007999999821186066,10.0,-0.04398947271207968,-0.05355588719248772,-0.03440673276782036,6
8,0.800000011920929,0.007999999821186066,10.15625,-0.04089110220472018,-0.05039842054247856,-0.031410712748765945,6
8,0.800000011920929,0.007999999821186066,10.3125,-0.03820254351012409,-0.04778814688324928,-0.02878742478787899,8
8,0.800000011920929,0.007999999821186066,10.46875,-0.03580205491743982,-0.04505209997296333,-0.02669687196612358,8
8,0.800000011920929,0.007999999821186066,10.625,-0.033734935568645597,-0.042480725795030594,-0.025037966668605804,8
8,0.800000011920929,0.007999999821186066,10.78125,-0.0320319221355021,-0.04031475633382797,-0.023755699396133423,8
8,0.800000011920929,0.007999999821186066,10.9375,-0.03063770500011742,-0.038549553602933884,-0.022677281871438026,8
8,0.800000011920929,0.007999999821186066,11.09375,-0.029558266047388315,-0.03713696077466011,-0.021948985755443573,8
8,0.800000011920929,0.007999999821186066,11.25,-0.0288028409704566,-0.03592288866639137,-0.02163532003760338,10
8,0.800000011920929,0.007999999821186066,11.40625,-0.02808114156747858,-0.03467849642038345,-0.021267196163535118,12
8,0.800000011920929,0.007999999821186066,11.5625,-0.027455948448429506,-0.03366450220346451,-0.02112969011068344,12
8,0.800000011920929,0.007999999821186066,11.71875,-0.02688891813158989,-0.03272411972284317,-0.020968347787857056,14
8,0.800000011920929,0.007999999821186066,11.875,-0.02627124171704054,-0.03173067420721054,-0.020439134910702705,18
8,0.800000011920929,0.007999999821186066,12.03125,-0.025575689541605804,-0.031017733737826347,-0.01983005180954933,26
8,0.800000011920929,0.007999999821186066,12.1875,-0.024970715067216327,-0.03146282583475113,-0.01907215267419815,42
8,0.800000011920929,0.007999999821186066,12.34375,-0.024329474453742686,-0.030288923531770706,-0.018253907561302185,65
8,0.800000011920929,0.007999999821186066,12.5,-0.02331450948348412,-0.029158249497413635,-0.01736549288034439,65
8,0.800000011920929,0.007999999821186066,12.65625,-0.0222997761116578,-0.0282671470195055,-0.01620369590818882,65
8,0.800000011920929,0.007999999821186066,12.8125,-0.02172839285975153,-0.02745627984404564,-0.01506379246711731,44
8,0.800000011920929,0.007999999821186066,12.96875,-0.021085176903467912,-0.026692865416407585,-0.015686310827732086,26
8,0.800000011920929,0.007999999821186066,13.125,-0.02039123083361321,-0.026065489277243614,-0.015022081322968006,18
8,0.800000011920929,0.007999999821186066,13.28125,-0.019778540091855184,-0.025510670617222786,-0.014110226184129715,14
8,0.800000011920929,0.007999999821186066,13.4375,-0.019217831703523796,-0.025316428393125534,-0.013247065246105194,12
8,0.800000011920929,0.007999999821186066,13.59375,-0.018599276741345722,-0.025149334222078323,-0.012264018878340721,12
8,0.800000011920929,0.007999999821186066,13.75,-0.017890778463333847,-0.024753883481025696,-0.011060161516070366,10
8,0.800000011920929,0.007999999821186066,13.90625,-0.0171629274263978,-0.02442464418709278,-0.009933622553944588,8
8,0.800000011920929,0.007999999821186066,14.0625,-0.01612448669038713,-0.023713670670986176,-0.008591447956860065,8
8,0.800000011920929,0.007999999821186066,14.21875,-0.014796930132433772,-0.02269105054438114,-0.006899433210492134,8
8,0.800000011920929,0.007999999821186066,14.375,-0.013179579109419137,-0.021521493792533875,-0.004836902022361755,8
8,0.800000011920929,0.007999999821186066,14.53125,-0.011256499943556264,-0.020009666681289673,-0.002367076463997364,8
8,0.800000011920929,0.007999999821186066,14.6875,-0.007758593804153081,-0.017993150278925896,0.0002436145005049184,7
8,0.800000011920929,0.007999999821186066,14.84375,-0.006329305431184669,-0.015288271009922028,0.002641010330989957,6
8,0.800000011920929,0.007999999821186066,15.0,-0.003270359244197607,-0.012204818427562714,0.00566767668351531,6
8,0.800000011920929,0.007999999821186066,15.15625,-0.00019223444784681001,-0.009073643945157528,0.008633683435618877,6
8,0.800000011920929,0.007999999821186066,15.3125,0.002478725742548704,-0.006521784234791994,0.011264055967330933,8
8,0.800000011920929,0.007999999821186066,15.46875,0.004855257400777191,-0.0038367328234016895,0.013362777419388294,8
8,0.800000011920929,0.007999999821186066,15.625,0.006899064770550467,-0.0013099274365231395,0.015029795467853546,8
8,0.800000011920929,0.007999999821186066,15.78125,0.008581486450566445,0.0008019896340556443,0.016330745071172714,8
8,0.800000011920929,0.007999999821186066,15.9375,0.009959860675735399,0.002524911193177104,0.017442552372813225,8
8,0.800000011920929,0.007999999821186066,16.09375,0.011028234555851668,0.0038749584928154945,0.01821001060307026,8
8,0.800000011920929,0.007999999821186066,16.25,0.01177664864808321,0.005002976860851049,0.018575701862573624,10
8,0.800000011920929,0.007999999821186066,16.40625,0.012497002608142793,0.006205958314239979,0.01899741031229496,12
8,0.800000011920929,0.007999999821186066,16.5625,0.013123321696184576,0.007192512508481741,0.019184129312634468,12
8,0.800000011920929,0.007999999821186066,16.71875,0.013691999417330538,0.008047723211348057,0.01939343474805355,14
8,0.800000011920929,0.007999999821186066,16.875,0.014313069379164113,0.008974662981927395,0.019956136122345924,18
8,0.800000011920929,0.007999999821186066,17.03125,0.015009941855588784,0.009654023684561253,0.020587854087352753,26
8,0.800000011920929,0.007999999821186066,17.1875,0.0156593133314428,0.00908517837524414,0.02135365456342697,44
8,0.800000011920929,0.007999999821186066,17.34375,0.016271385794075634,0.010230583138763905,0.022168345749378204,65
8,0.800000011920929,0.007999999821186066,17.5,0.01727628278044554,0.011365542188286781,0.023066528141498566,65
8,0.800000011920929,0.007999999821186066,17.65625,0.018281986707678208,0.012238647788763046,0.02420387603342533,65
8,0.800000011920929,0.007999999821186066,17.8125,0.01887666618197479,0.01303776539862156,0.025384362787008286,44
8,0.800000011920929,0.007999999821186066,17.96875,0.019503751375640813,0.01378022599965334,0.02493330091238022,26
8,0.800000011920929,0.007999999821186066,18.125,0.020190574125283293,0.014375933445990086,0.02563662640750408,18
8,0.800000011920929,0.007999999821186066,18.28125,0.020795698277652264,0.014890522696077824,0.02661149762570858,14
8,0.800000011920929,0.007999999821186066,18.4375,0.02135013951919973,0.015033507719635963,0.02755197323858738,12
8,0.800000011920929,0.007999999821186066,18.59375,0.02196347069305678,0.015147710219025612,0.028557080775499344,12
8,0.800000011920929,0.007999999821186066,18.75,0.0226678972132504,0.015483460389077663,0.02979559451341629,10
8,0.800000011920929,0.007999999821186066,18.90625,0.023395793279632926,0.015753930434584618,0.031002862378954887,8
8,0.800000011920929,0.007999999821186066,19.0625,0.024438495049253106,0.01641722209751606,0.03240179643034935,8
8,0.800000011920929,0.007999999821186066,19.21875,0.025774972746148705,0.01739705353975296,0.03413338586688042,8
8,0.800000011920929,0.007999999821186066,19.375,0.027406992623582482,0.01853877678513527,0.03624606877565384,8
8,0.800000011920929,0.007999999821186066,19.53125,0.029347203439101577,0.020035244524478912,0.0387570746243,8
8,0.800000011920929,0.007999999821186066,19.6875,0.03295299304383142,0.02205836772918701,0.04141603782773018,7
8,0.800000011920929,0.007999999821186066,19.84375,0.03434313957889875,0.024803047999739647,0.04387315362691879,6
8,0.800000011920929,0.007999999821186066,20.0,0.03744735289365053,0.027941275388002396,0.04692870378494263,6
8,0.800000011920929,0.007999999821186066,20.15625,0.04057607768724362,0.031144151464104652,0.0499335341155529,6
8,0.800000011920929,0.007999999821186066,20.3125,0.04329960001632571,0.03375093638896942,0.052597515285015106,8
8,0.800000011920929,0.007999999821186066,20.46875,0.045733284670859575,0.03649511560797691,0.05474364385008812,8
8,0.800000011920929,0.007999999821186066,20.625,0.047836470883339643,0.03909071907401085,0.056467752903699875,8
8,0.800000011920929,0.007999999821186066,20.78125,0.0495808064006269,0.04126260429620743,0.05784107372164726,8
8,0.800000011920929,0.007999999821186066,20.9375,0.051023684442043304,0.04307258501648903,0.05903486907482147,8
8,0.800000011920929,0.007999999821186066,21.09375,0.05215930612757802,0.04447014629840851,0.05988883972167969,8
8,0.800000011920929,0.007999999821186066,21.25,0.0529790498316288,0.045597780495882034,0.060350313782691956,10
8,0.800000011920929,0.007999999821186066,21.40625,0.05377137381583452,0.046884458512067795,0.060870230197906494,12
8,0.800000011920929,0.007999999821186066,21.5625,0.054471454272667565,0.04797372221946716,0.06113571673631668,12
8,0.800000011920929,0.007999999821186066,21.71875,0.05511863316808428,0.048832111060619354,0.061421360820531845,14
8,0.800000011920929,0.007999999821186066,21.875,0.05582321580085489,0.04984894394874573,0.06204335391521454,18
8,0.800000011920929,0.007999999821186066,22.03125,0.056597210466861725,0.050661664456129074,0.06271400302648544,26
8,0.800000011920929,0.007999999821186066,22.1875,0.057346262207085434,0.0502467006444931,0.06349248439073563,44
8,0.800000011920929,0.007999999821186066,22.34375,0.058125549956009936,0.05152670294046402,0.06432638317346573,65
8,0.800000011920929,0.007999999821186066,22.5,0.05915260865138127,0.05272197350859642,0.06521134078502655,65
8,0.800000011920929,0.007999999821186066,22.65625,0.06018178560412847,0.053653888404369354,0.06629873812198639,65
8,0.800000011920929,0.007999999821186066,22.8125,0.06090388921174136,0.054494861513376236,0.06757083535194397,44
8,0.800000011920929,0.007999999821186066,22.96875,0.061584676830814436,0.055281929671764374,0.06747478246688843,26
8,0.800000011920929,0.007999999821186066,23.125,0.06232933203379313,0.05591517686843872,0.06826554238796234,18
8,0.800000011920929,0.007999999821186066,23.28125,0.06299980330680098,0.05646075680851936,0.06939300894737244,14
8,0.800000011920929,0.007999999821186066,23.4375,0.06362070733060439,0.056618038564920425,0.07053454220294952,12
8,0.800000011920929,0.007999999821186066,23.59375,0.06429832242429256,0.056747205555438995,0.07160945236682892,12
8,0.800000011920929,0.007999999821186066,23.75,0.06507990136742592,0.05709823966026306,0.0730142593383789,10
8,0.800000011920929,0.007999999821186066,23.90625,0.06590251624584198,0.05739479139447212,0.07436887919902802,8
8,0.800000011920929,0.007999999821186066,24.0625,0.06705652410164475,0.05812625214457512,0.0759233608841896,8
8,0.800000011920929,0.007999999821186066,24.21875,0.06852457672357559,0.059207454323768616,0.07777431607246399,8
8,0.800000011920929,0.007999999821186066,24.375,0.07031250186264515,0.06049111858010292,0.08004342764616013,8
8,0.800000011920929,0.007999999821186066,24.53125,0.07242568302899599,0.062175601720809937,0.0827057808637619,8
8,0.800000011920929,0.007999999821186066,24.6875,0.0763622841664723,0.06445525586605072,0.08552088588476181,7
8,0.800000011920929,0.007999999821186066,24.84375,0.0778881125152111,0.06754928082227707,0.088181272149086,6
8,0.800000011920929,0.007999999821186066,25.0,0.08127949014306068,0.07109212875366211,0.09140142053365707,6
8,0.800000011920929,0.007999999821186066,25.15625,0.08472241212924321,0.07473806291818619,0.09459590911865234,6
8,0.800000011920929,0.007999999821186066,25.3125,0.08776836097240448,0.07775594294071198,0.09746917337179184,8
8,0.800000011920929,0.007999999821186066,25.46875,0.09053735993802547,0.0809158980846405,0.09986023604869843,8
8,0.800000011920929,0.007999999821186066,25.625,0.09298051428049803,0.08394050598144531,0.10185949504375458,8
8,0.800000011920929,0.007999999821186066,25.78125,0.09507077280431986,0.08651207387447357,0.10354692488908768,8
8,0.800000011920929,0.007999999821186066,25.9375,0.0968673899769783,0.08870238810777664,0.10507608950138092,8
8,0.800000011920929,0.007999999821186066,26.09375,0.09836835972964764,0.09044501930475235,0.10630722343921661,8
8,0.800000011920929,0.007999999821186066,26.25,0.09957350045442581,0.09194272011518478,0.10718575865030289,10
8,0.800000011920929,0.007999999821186066,26.40625,0.10075694074233373,0.09355933964252472,0.1081424281001091,12
8,0.800000011920929,0.007999999821186066,26.5625,0.10186843449870746,0.09502515941858292,0.108851358294487,12
8,0.800000011920929,0.007999999821186066,26.71875,0.10295184222715241,0.09614679962396622,0.10958283394575119,14
8,0.800000011920929,0.007999999821186066,26.875,0.10414698388841417,0.09747819602489471,0.11052971333265305,18
8,0.800000011920929,0.007999999821186066,27.03125,0.10526041256693694,0.09851974993944168,0.11149673908948898,26
8,0.800000011920929,0.007999999821186066,27.1875,0.10654296929186041,0.10063858330249786,0.11259707063436508,44
8,0.800000011920929,0.007999999821186066,27.34375,0.1081583545758174,0.10161121934652328,0.11418193578720093,65
8,0.800000011920929,0.007999999821186066,27.5,0.10919869530659455,0.10245918482542038,0.11513716727495193,65
8,0.800000011920929,0.007999999821186066,27.65625,0.11024133230631168,0.10315252095460892,0.11634383350610733,65
8,0.800000011920929,0.007999999821186066,27.8125,0.11109894497150724,0.10370784997940063,0.11804239451885223,44
8,0.800000011920929,0.007999999821186066,27.96875,0.11175683799844521,0.10440827906131744,0.1186881735920906,26
8,0.800000011920929,0.007999999821186066,28.125,0.11259445548057556,0.10497574508190155,0.11976531147956848,18
8,0.800000011920929,0.007999999821186066,28.28125,0.11315364869577545,0.10543815046548843,0.1207159236073494,14
8,0.800000011920929,0.007999999821186066,28.4375,0.11373205669224262,0.10551923513412476,0.12183442711830139,12
8,0.800000011920929,0.007999999821186066,28.59375,0.11438963562250137,0.1055668294429779,0.12301848828792572,12
8,0.800000011920929,0.007999999821186066,28.75,0.11494299992918969,0.10559677332639694,0.1241886168718338,10
8,0.800000011920929,0.007999999821186066,28.90625,0.11549598444253206,0.10551847517490387,0.12538856267929077,8
8,0.800000011920929,0.007999999821186066,29.0625,0.11616189405322075,0.10559206455945969,0.1266927719116211,8
8,0.800000011920929,0.007999999821186066,29.21875,0.1169172776862979,0.10566927492618561,0.12808306515216827,8
8,0.800000011920929,0.007999999821186066,29.375,0.11776101123541594,0.10582225769758224,0.1295546293258667,8
8,0.800000011920929,0.007999999821186066,29.53125,0.11862924136221409,0.10598324984312057,0.13118408620357513,8
8,0.800000011920929,0.007999999821186066,29.6875,0.12132259564740318,0.10630294680595398,0.13270187377929688,7
8,0.800000011920929,0.007999999821186066,29.84375,0.12048415715495746,0.10679110884666443,0.13402724266052246,6
8,0.800000011920929,0.007999999821186066,30.0,0.12148220712939899,0.10716424882411957,0.13556282222270966,6
9,0.8999999761581421,0.00900000035762787,0.0,-0.1438867300748825,-0.15896688401699066,-0.12851595878601074,6
9,0.8999999761581421,0.00900000035762787,0.15625,-0.1427517756819725,-0.15724846720695496,-0.12810610234737396,6
9,0.8999999761581421,0.00900000035762787,0.3125,-0.1417674496769905,-0.15574510395526886,-0.12762410938739777,8
9,0.8999999761581421,0.00900000035762787,0.46875,-0.14062962122261524,-0.15405556559562683,-0.12712183594703674,8
9,0.8999999761581421,0.00900000035762787,0.625,-0.13948134891688824,-0.15225809812545776,-0.12662740051746368,8
9,0.8999999761581421,0.00900000035762787,0.78125,-0.13844232447445393,-0.1506166309118271,-0.12620529532432556,8
9,0.8999999761581421,0.00900000035762787,0.9375,-0.13751713559031487,-0.14907197654247284,-0.12592750787734985,8
9,0.8999999761581421,0.00900000035762787,1.09375,-0.13671812415122986,-0.14762172102928162,-0.12572334706783295,8
9,0.8999999761581421,0.00900000035762787,1.25,-0.1360578328371048,-0.14628741145133972,-0.12572471797466278,10
9,0.8999999761581421,0.00900000035762787,1.40625,-0.13541249309976897,-0.1449880599975586,-0.12563252449035645,12
9,0.8999999761581421,0.00900000035762787,1.5625,-0.13466400653123856,-0.14367197453975677,-0.1255493015050888,12
9,0.8999999761581421,0.00900000035762787,1.71875,-0.13400400642837798,-0.142426997423172,-0.1254083216190338,14
9,0.8999999761581421,0.00900000035762787,1.875,-0.1333685898118549,-0.14137105643749237,-0.12486980855464935,18
9,0.8999999761581421,0.00900000035762787,2.03125,-0.1324297980620311,-0.14017607271671295,-0.12421917915344238,26
9,0.8999999761581421,0.00900000035762787,2.1875,-0.13168919204988264,-0.13947078585624695,-0.12342286109924316,44
9,0.8999999761581421,0.00900000035762787,2.34375,-0.13073864567738314,-0.13758528232574463,-0.1227894201874733,65
9,0.8999999761581421,0.00900000035762787,2.5,-0.12957859073693936,-0.1362316906452179,-0.12200356274843216,65
9,0.8999999761581421,0.00900000035762787,2.65625,-0.12842182219028472,-0.1351635456085205,-0.12104863673448563,65
9,0.8999999761581421,0.00900000035762787,2.8125,-0.12662556547332893,-0.13343168795108795,-0.11994373053312302,44
9,0.8999999761581421,0.00900000035762787,2.96875,-0.12520225030871537,-0.13221770524978638,-0.11763980984687805,26
9,0.8999999761581421,0.00900000035762787,3.125,-0.12396846380498674,-0.1311555653810501,-0.11647620797157288,18
9,0.8999999761581421,0.00900000035762787,3.28125,-0.1226473120706422,-0.130116805434227,-0.11498793214559555,14
9,0.8999999761581421,0.00900000035762787,3.4375,-0.12145221916337808,-0.12932568788528442,-0.11373511701822281,12
9,0.8999999761581421,0.00900000035762787,3.59375,-0.12022583434979121,-0.12856455147266388,-0.11210349202156067,12
9,0.8999999761581421,0.00900000035762787,3.75,-0.11892273128032685,-0.12753130495548248,-0.11030042171478271,10
9,0.8999999761581421,0.00900000035762787,3.90625,-0.1176041653379798,-0.1265965849161148,-0.10863213241100311,8
9,0.8999999761581421,0.00900000035762787,4.0625,-0.1159612201154232,-0.12528656423091888,-0.10669294744729996,8
9,0.8999999761581421,0.00900000035762787,4.21875,-0.1140047162771225,-0.12365393340587616,-0.10427048057317734,8
9,0.8999999761581421,0.00900000035762787,4.375,-0.11172698065638542,-0.12192567437887192,-0.10142215341329575,8
9,0.8999999761581421,0.00900000035762787,4.53125,-0.1090992670506239,-0.1198529452085495,-0.09808222949504852,8
9,0.8999999761581421,0.00900000035762787,4.6875,-0.10455494906221117,-0.11726713925600052,-0.09457123279571533,7
9,0.8999999761581421,0.00900000035762787,4.84375,-0.10266641899943352,-0.11397279798984528,-0.0913039818406105,6
9,0.8999999761581421,0.00900000035762787,5.0,-0.0988328643143177,-0.1102619543671608,-0.08734048902988434,6
9,0.8999999761581421,0.00900000035762787,5.15625,-0.09503745784362157,-0.10653412342071533,-0.08353259414434433,6
9,0.8999999761581421,0.00900000035762787,5.3125,-0.0917386393994093,-0.10338305681943893,-0.08021039515733719,8
9,0.8999999761581421,0.00900000035762787,5.46875,-0.08881304413080215,-0.10013623535633087,-0.07757123559713364,8
9,0.8999999761581421,0.00900000035762787,5.625,-0.08628052473068237,-0.09707845747470856,-0.07547564059495926,8
9,0.8999999761581421,0.00900000035762787,5.78125,-0.08418620564043522,-0.09447105973958969,-0.07385562360286713,8
9,0.8999999761581421,0.00900000035762787,5.9375,-0.08246632944792509,-0.0923553928732872,-0.07251764088869095,8
9,0.8999999761581421,0.00900000035762787,6.09375,-0.08112459909170866,-0.09059325605630875,-0.07161463052034378,8
9,0.8999999761581421,0.00900000035762787,6.25,-0.08016647920012474,-0.08906331658363342,-0.07122807949781418,10
9,0.8999999761581421,0.00900000035762787,6.40625,-0.0792668132732312,-0.08747681975364685,-0.0707937553524971,12
9,0.8999999761581421,0.00900000035762787,6.5625,-0.07849141955375671,-0.08626148104667664,-0.07061972469091415,12
9,0.8999999761581421,0.00900000035762787,6.71875,-0.07777880930474826,-0.08497709780931473,-0.07042015343904495,14
9,0.8999999761581421,0.00900000035762787,6.875,-0.07701061417659123,-0.0836920440196991,-0.06978872418403625,18
9,0.8999999761581421,0.00900000035762787,7.03125,-0.07616474106907845,-0.08279696106910706,-0.06906035542488098,26
9,0.8999999761581421,0.00900000035762787,7.1875,-0.0754198632424786,-0.08289802074432373,-0.0681566447019577,42
9,0.8999999761581421,0.00900000035762787,7.34375,-0.07456146730826452,-0.08147913217544556,-0.06718766689300537,65
9,0.8999999761581421,0.00900000035762787,7.5,-0.07339644271593827,-0.08026816695928574,-0.0661201998591423,65
9,0.8999999761581421,0.00900000035762787,7.65625,-0.07223325887551675,-0.07928403466939926,-0.06474294513463974,65
9,0.8999999761581421,0.00900000035762787,7.8125,-0.07140200398862362,-0.07835843414068222,-0.06331092119216919,44
9,0.8999999761581421,0.00900000035762787,7.96875,-0.07056942180945323,-0.07749059796333313,-0.06383617967367172,26
9,0.8999999761581421,0.00900000035762787,8.125,-0.06970523215002483,-0.07674586027860641,-0.0629395842552185,18
9,0.8999999761581421,0.00900000035762787,8.28125,-0.0689253860286304,-0.07605945318937302,-0.06181660667061806,14
9,0.8999999761581421,0.00900000035762787,8.4375,-0.06820994677642982,-0.07575903832912445,-0.06084610894322395,12
9,0.8999999761581421,0.00900000035762787,8.59375,-0.06743504200130701,-0.0754861906170845,-0.05962744727730751,12
9,0.8999999761581421,0.00900000035762787,8.75,-0.06656063050031662,-0.07493390887975693,-0.05818327143788338,10
9,0.8999999761581421,0.00900000035762787,8.90625,-0.0656644650734961,-0.07445835322141647,-0.056918274611234665,8
9,0.8999999761581421,0.00900000035762787,9.0625,-0.06442145816981792,-0.07356339693069458,-0.05535498261451721,8
9,0.8999999761581421,0.00900000035762787,9.21875,-0.06285243527963758,-0.07231278717517853,-0.05334724485874176,8
9,0.8999999761581421,0.00900000035762787,9.375,-0.06095352955162525,-0.07092120498418808,-0.05093543231487274,8
9,0.8999999761581421,0.00900000035762787,9.53125,-0.058702807407826185,-0.06915310770273209,-0.04806450381875038,8
9,0.8999999761581421,0.00900000035762787,9.6875,-0.05458094232848713,-0.06683243811130524,-0.04500892013311386,7
9,0.8999999761581421,0.00900000035762787,9.84375,-0.052981297175089516,-0.06375901401042938,-0.04218784347176552,6
9,0.8999999761581421,0.00900000035762787,10.0,-0.049488156413038574,-0.06025037169456482,-0.03870757669210434,6
9,0.8999999761581421,0.00900000035762787,10.15625,-0.046002489204208054,-0.05669822171330452,-0.03533704951405525,6
9,0.8999999761581421,0.00900000035762787,10.3125,-0.04297786112874746,-0.053761664777994156,-0.03238585218787193,8
9,0.8999999761581421,0.00900000035762787,10.46875,-0.0402773127425462,-0.05068361386656761,-0.030033981427550316,8
9,0.8999999761581421,0.00900000035762787,10.625,-0.03795180283486843,-0.04779081791639328,-0.028167711570858955,8
9,0.8999999761581421,0.00900000035762787,10.78125,-0.03603591211140156,-0.045354101806879044,-0.0267251618206501,8
9,0.8999999761581421,0.00900000035762787,10.9375,-0.034467418445274234,-0.04336824640631676,-0.02551194280385971,8
9,0.8999999761581421,0.00900000035762787,11.09375,-0.03325304947793484,-0.041779082268476486,-0.024692609906196594,8
9,0.8999999761581421,0.00900000035762787,11.25,-0.03240319583564997,-0.04041324928402901,-0.02433973364531994,10
9,0.8999999761581421,0.00900000035762787,11.40625,-0.031591284244010844,-0.03901331126689911,-0.023925594985485077,12
9,0.8999999761581421,0.00900000035762787,11.5625,-0.030887942295521498,-0.037872567772865295,-0.023770900443196297,12
9,0.8999999761581421,0.00900000035762787,11.71875,-0.03025003256542342,-0.03681463375687599,-0.023589391261339188,14
9,0.8999999761581421,0.00900000035762787,11.875,-0.029555146478944354,-0.035697005689144135,-0.0229940265417099,18
9,0.8999999761581421,0.00900000035762787,12.03125,-0.028772651146237668,-0.034894950687885284,-0.02230880968272686,26
9,0.8999999761581421,0.00900000035762787,12.1875,-0.028092054650187492,-0.035395681858062744,-0.021456172689795494,42
9,0.8999999761581421,0.00900000035762787,12.34375,-0.027370658602852087,-0.03407503664493561,-0.020535646006464958,65
9,0.8999999761581421,0.00900000035762787,12.5,-0.026228823226231796,-0.03280303254723549,-0.019536180421710014,65
9,0.8999999761581421,0.00900000035762787,12.65625,-0.02508724804681081,-0.031800538301467896,-0.018229156732559204,65
9,0.8999999761581421,0.00900000035762787,12.8125,-0.024444441903721203,-0.03088831529021263,-0.016946766525506973,44
9,0.8999999761581421,0.00900000035762787,12.96875,-0.0237208240880416,-0.030029473826289177,-0.01764710061252117,26
9,0.8999999761581421,0.00900000035762787,13.125,-0.022940134836567774,-0.029323676601052284,-0.016899842768907547,18
9,0.8999999761581421,0.00900000035762787,13.28125,-0.022250857470291003,-0.02869950421154499,-0.015874003991484642,14
9,0.8999999761581421,0.00900000035762787,13.4375,-0.02162006062765916,-0.028480982407927513,-0.014902948401868343,12
9,0.8999999761581421,0.00900000035762787,13.59375,-0.020924186411624152,-0.028293000534176826,-0.013797021470963955,12
9,0.8999999761581421,0.00900000035762787,13.75,-0.02012712536379695,-0.02784811705350876,-0.01244268100708723,10
9,0.8999999761581421,0.00900000035762787,13.90625,-0.019308293354697526,-0.027477724477648735,-0.011175325140357018,8
9,0.8999999761581421,0.00900000035762787,14.0625,-0.01814004743937403,-0.026677878573536873,-0.009665378369390965,8
9,0.8999999761581421,0.00900000035762787,14.21875,-0.016646546428091824,-0.025527430698275566,-0.007761862128973007,8
9,0.8999999761581421,0.00900000035762787,14.375,-0.014827026519924402,-0.02421168051660061,-0.005441514775156975,8
9,0.8999999761581421,0.00900000035762787,14.53125,-0.012663562461966649,-0.022510875016450882,-0.0026629611384123564,8
9,0.8999999761581421,0.00900000035762787,14.6875,-0.008728417792424028,-0.020242294296622276,0.0002740663185250014,7
9,0.8999999761581421,0.00900000035762787,14.84375,-0.007120468614933391,-0.017199305817484856,0.002971136709675193,6
9,0.8999999761581421,0.00900000035762787,15.0,-0.003679154363150398,-0.013730420731008053,0.006376136094331741,6
9,0.8999999761581421,0.00900000035762787,15.15625,-0.0002162638120353222,-0.01020784955471754,0.009712894447147846,6
9,0.8999999761581421,0.00900000035762787,15.3125,0.0027885662857443094,-0.0073370072059333324,0.0126720629632473,8
9,0.8999999761581421,0.00900000035762787,15.46875,0.005462164495838806,-0.00431632436811924,0.015033124014735222,8
9,0.8999999761581421,0.00900000035762787,15.625,0.007761447806842625,-0.0014736683806404471,0.016908520832657814,8
9,0.8999999761581421,0.00900000035762787,15.78125,0.009654171903093811,0.0009022383601404727,0.01837208680808544,8
9,0.8999999761581421,0.00900000035762787,15.9375,0.011204843351151794,0.0028405250050127506,0.01962287165224552,8
9,0.8999999761581421,0.00900000035762787,16.09375,0.012406763737089932,0.0043593281880021095,0.020486261695623398,8
9,0.8999999761581421,0.00900000035762787,16.25,0.013248729705810546,0.005628348793834448,0.02089766412973404,10
9,0.8999999761581421,0.00900000035762787,16.40625,0.01405912812333554,0.006981702987104654,0.02137208729982376,12
9,0.8999999761581421,0.00900000035762787,16.5625,0.014763736942162117,0.008091576397418976,0.021582145243883133,12
9,0.8999999761581421,0.00900000035762787,16.71875,0.015403499427650656,0.009053688496351242,0.021817615255713463,14
9,0.8999999761581421,0.00900000035762787,16.875,0.016102202857534092,0.010096495971083641,0.022450651973485947,18
9,0.8999999761581421,0.00900000035762787,17.03125,0.016886184708430216,0.010860776528716087,0.023161334916949272,26
9,0.8999999761581421,0.00900000035762787,17.1875,0.017616727325895972,0.010220825672149658,0.024022860452532768,44
9,0.8999999761581421,0.00900000035762787,17.34375,0.0183053092028086,0.011509406380355358,0.024939389899373055,65
9,0.8999999761581421,0.00900000035762787,17.5,0.019435818163821332,0.012786234728991985,0.02594984509050846,65
9,0.8999999761581421,0.00900000035762787,17.65625,0.020567235064048034,0.01376847829669714,0.02722935937345028,65
9,0.8999999761581421,0.00900000035762787,17.8125,0.021236249330368908,0.01466748584061861,0.02855740860104561,44
9,0.8999999761581421,0.00900000035762787,17.96875,0.021941720293118402,0.015502754598855972,0.02804996445775032,26
9,0.8999999761581421,0.00900000035762787,18.125,0.02271439590387874,0.016172925010323524,0.028841204941272736,18
9,0.8999999761581421,0.00900000035762787,18.28125,0.023395160479204997,0.016751836985349655,0.02993793413043022,14
9,0.8999999761581421,0.00900000035762787,18.4375,0.02401890667776267,0.01691269688308239,0.030995968729257584,12
9,0.8999999761581421,0.00900000035762787,18.59375,0.024708904636402924,0.017041174694895744,0.032126717269420624,12
9,0.8999999761581421,0.00900000035762787,18.75,0.025501384027302267,0.017418893054127693,0.03352004289627075,10
9,0.8999999761581421,0.00900000035762787,18.90625,0.026320267701521516,0.017723171040415764,0.03487822040915489,8
9,0.8999999761581421,0.00900000035762787,19.0625,0.02749330666847527,0.018469374626874924,0.036452021449804306,8
9,0.8999999761581421,0.00900000035762787,19.21875,0.028996844543144107,0.019571686163544655,0.03840005770325661,8
9,0.8999999761581421,0.00900000035762787,19.375,0.030832866206765175,0.02085612341761589,0.040776826441287994,8
9,0.8999999761581421,0.00900000035762787,19.53125,0.03301560319960117,0.02253965102136135,0.043601710349321365,8
9,0.8999999761581421,0.00900000035762787,19.6875,0.03707211650907993,0.024815663695335388,0.04659304395318031,7
9,0.8999999761581421,0.00900000035762787,19.84375,0.03863603125015894,0.027903428301215172,0.04935729503631592,6
9,0.8999999761581421,0.00900000035762787,20.0,0.0421282717337211,0.03143393620848656,0.052794791758060455,6
9,0.8999999761581421,0.00900000035762787,20.15625,0.04564808743695418,0.035037171095609665,0.05617522448301315,6
9,0.8999999761581421,0.00900000035762787,20.3125,0.04871205147355795,0.03796980157494545,0.05917220562696457,8
9,0.8999999761581421,0.00900000035762787,20.46875,0.05144994566217065,0.041057005524635315,0.06158659979701042,8
9,0.8999999761581421,0.00900000035762787,20.625,0.05381602980196476,0.04397705942392349,0.0635262206196785,8
9,0.8999999761581421,0.00900000035762787,20.78125,0.05577840702608228,0.04642042890191078,0.0650712102651596,8
9,0.8999999761581421,0.00900000035762787,20.9375,0.057401645462960005,0.04845665767788887,0.0664142295718193,8
9,0.8999999761581421,0.00900000035762787,21.09375,0.058679220266640186,0.05002891272306442,0.06737494468688965,8
9,0.8999999761581421,0.00900000035762787,21.25,0.0596014317125082,0.05129750445485115,0.0678941011428833,10
9,0.8999999761581421,0.00900000035762787,21.40625,0.06049279527117809,0.052745018154382706,0.0684790089726448,12
9,0.8999999761581421,0.00900000035762787,21.5625,0.06128038497020801,0.05397043749690056,0.06877768039703369,12
9,0.8999999761581421,0.00900000035762787,21.71875,0.06200846231409481,0.05493612587451935,0.06909903138875961,14
9,0.8999999761581421,0.00900000035762787,21.875,0.06280111811227268,0.056080061942338943,0.0697987750172615,18
9,0.8999999761581421,0.00900000035762787,22.03125,0.06367186199014004,0.056994371116161346,0.0705532506108284,26
9,0.8999999761581421,0.00900000035762787,22.1875,0.06451454487713901,0.05652754008769989,0.071429044008255,44
9,0.8999999761581421,0.00900000035762787,22.34375,0.06539124410886031,0.057967543601989746,0.07236718386411667,65
9,0.8999999761581421,0.00900000035762787,22.5,0.06654668467549177,0.05931222066283226,0.07336276024580002,65
9,0.8999999761581421,0.00900000035762787,22.65625,0.06770450925597778,0.0603606253862381,0.07458607852458954,65
9,0.8999999761581421,0.00900000035762787,22.8125,0.06851687578653748,0.06130671873688698,0.07601719349622726,44
9,0.8999999761581421,0.00900000035762787,22.96875,0.06928276170331699,0.062192171812057495,0.07590913027524948,26
9,0.8999999761581421,0.00900000035762787,23.125,0.07012049812409613,0.06290457397699356,0.07679873704910278,18
9,0.8999999761581421,0.00900000035762787,23.28125,0.07087477775556701,0.06351835280656815,0.07806713134050369,14
9,0.8999999761581421,0.00900000035762787,23.4375,0.07157329718271892,0.06369529664516449,0.07935136556625366,12
9,0.8999999761581421,0.00900000035762787,23.59375,0.07233561140795548,0.0638406053185463,0.08056063205003738,12
9,0.8999999761581421,0.00900000035762787,23.75,0.07321488782763481,0.06423551589250565,0.08214104175567627,10
9,0.8999999761581421,0.00900000035762787,23.90625,0.07414033077657223,0.0645691379904747,0.08366499096155167,8
9,0.8999999761581421,0.00900000035762787,24.0625,0.0754385907202959,0.06539203226566315,0.08541378378868103,8
9,0.8999999761581421,0.00900000035762787,24.21875,0.07709014881402254,0.06660839170217514,0.08749610930681229,8
9,0.8999999761581421,0.00900000035762787,24.375,0.0791015662252903,0.0680525079369545,0.09004885703325272,8
9,0.8999999761581421,0.00900000035762787,24.53125,0.08147889282554388,0.06994755566120148,0.09304399788379669,8
9,0.8999999761581421,0.00900000035762787,24.6875,0.0859075699533735,0.07251215726137161,0.09621100127696991,7
9,0.8999999761581421,0.00900000035762787,24.84375,0.08762412890791893,0.07599294185638428,0.0992039367556572,6
9,0.8999999761581421,0.00900000035762787,25.0,0.09143942594528198,0.07997864484786987,0.10282660275697708,6
9,0.8999999761581421,0.00900000035762787,25.15625,0.09531271706024806,0.08408032357692719,0.10642040520906448,6
9,0.8999999761581421,0.00900000035762787,25.3125,0.09873940516263247,0.08747543394565582,0.1096528172492981,8
9,0.8999999761581421,0.00900000035762787,25.46875,0.10185453109443188,0.09103038161993027,0.11234276741743088,8
9,0.8999999761581421,0.00900000035762787,25.625,0.10460307821631432,0.09443306922912598,0.11459192633628845,8
9,0.8999999761581421,0.00900000035762787,25.78125,0.10695461742579937,0.09732608497142792,0.11649028956890106,8
9,0.8999999761581421,0.00900000035762787,25.9375,0.10897581372410059,0.09979018568992615,0.11821059882640839,8
9,0.8999999761581421,0.00900000035762787,26.09375,0.11066440492868423,0.10175064951181412,0.11959562450647354,8
9,0.8999999761581421,0.00900000035762787,26.25,0.1120201863348484,0.10343556106090546,0.12058397382497787,10
9,0.8999999761581421,0.00900000035762787,26.40625,0.11335155802468459,0.10525425523519516,0.12166023254394531,12
9,0.8999999761581421,0.00900000035762787,26.5625,0.1146019883453846,0.10690329968929291,0.12245777994394302,12
9,0.8999999761581421,0.00900000035762787,26.71875,0.11582082243902343,0.10816515237092972,0.12328068912029266,14
9,0.8999999761581421,0.00900000035762787,26.875,0.11716535604662365,0.1096629723906517,0.12434592097997665,18
9,0.8999999761581421,0.00900000035762787,27.03125,0.11841796424526435,0.11083471775054932,0.12543383240699768,26
9,0.8999999761581421,0.00900000035762787,27.1875,0.11986083994534882,0.11321841180324554,0.126671701669693,44
9,0.8999999761581421,0.00900000035762787,27.34375,0.12167814947091617,0.11431262642145157,0.12845467031002045,65
9,0.8999999761581421,0.00900000035762787,27.5,0.12284853263543202,0.1152665838599205,0.12952931225299835,65
9,0.8999999761581421,0.00900000035762787,27.65625,0.12402149931742595,0.11604658514261246,0.13088680803775787,65
9,0.8999999761581421,0.00900000035762787,27.8125,0.12498631260611794,0.11667133122682571,0.13279768824577332,44
9,0.8999999761581421,0.00900000035762787,27.96875,0.1257264419243886,0.11745931953191757,0.13352419435977936,26
9,0.8999999761581421,0.00900000035762787,28.125,0.12666876200172636,0.1180977076292038,0.13473597168922424,18
9,0.8999999761581421,0.00900000035762787,28.28125,0.12729785484927042,0.11861792206764221,0.1358054131269455,14
9,0.8999999761581421,0.00900000035762787,28.4375,0.12794856230417886,0.11870913952589035,0.13706372678279877,12
9,0.8999999761581421,0.00900000035762787,28.59375,0.12868834100663662,0.11876267939805984,0.13839580118656158,12
9,0.8999999761581421,0.00900000035762787,28.75,0.12931087389588355,0.11879637092351913,0.13971218466758728,10
9,0.8999999761581421,0.00900000035762787,28.90625,0.12993298191577196,0.1187082827091217,0.14106212556362152,8
9,0.8999999761581421,0.00900000035762787,29.0625,0.13068213034421206,0.11879107356071472,0.14252936840057373,8
9,0.8999999761581421,0.00900000035762787,29.21875,0.13153193704783916,0.11887793242931366,0.14409345388412476,8
9,0.8999999761581421,0.00900000035762787,29.375,0.13248114008456469,0.1190500408411026,0.14574895799160004,8
9,0.8999999761581421,0.00900000035762787,29.53125,0.13345789443701506,0.11923115700483322,0.14758208394050598,8
9,0.8999999761581421,0.00900000035762787,29.6875,0.13648792143378938,0.11959081888198853,0.14928960800170898,7
9,0.8999999761581421,0.00900000035762787,29.84375,0.1355446788171927,0.12014000117778778,0.15078064799308777,6
9,0.8999999761581421,0.00900000035762787,30.0,0.13666747882962227,0.12055978178977966,0.15250816941261292,6
10,1.0,0.010000000397364298,0.0,-0.15987414866685867,-0.17662987112998962,-0.14279551804065704,6
10,1.0,0.010000000397364298,0.15625,-0.15861308574676514,-0.17472051084041595,-0.14234012365341187,6
10,1.0,0.010000000397364298,0.3125,-0.1575193926692009,-0.17305012047290802,-0.14180457592010498,8
10,1.0,0.010000000397364298,0.46875,-0.15625513158738613,-0.1711728423833847,-0.1412464827299118,8
10,1.0,0.010000000397364298,0.625,-0.1549792755395174,-0.1691756546497345,-0.14069710671901703,8
10,1.0,0.010000000397364298,0.78125,-0.15382480807602406,-0.16735181212425232,-0.14022810757160187,8
10,1.0,0.010000000397364298,0.9375,-0.15279681608080864,-0.16563552618026733,-0.1399194598197937,8
10,1.0,0.010000000397364298,1.09375,-0.15190902538597584,-0.16402412950992584,-0.13969261944293976,8
10,1.0,0.010000000397364298,1.25,-0.15117537081241608,-0.16254156827926636,-0.13969413936138153,10
10,1.0,0.010000000397364298,1.40625,-0.1504583271841208,-0.16109785437583923,-0.13959169387817383,12
10,1.0,0.010000000397364298,1.5625,-0.14962667475144067,-0.159635528922081,-0.139499232172966,12
10,1.0,0.010000000397364298,1.71875,-0.148893341422081,-0.15825222432613373,-0.13934257626533508,14
10,1.0,0.010000000397364298,1.875,-0.14818732192118964,-0.15707895159721375,-0.13874423503875732,18
10,1.0,0.010000000397364298,2.03125,-0.1471442196231622,-0.15575119853019714,-0.1380213052034378,26
10,1.0,0.010000000397364298,2.1875,-0.1463213251395659,-0.1549675464630127,-0.1371365189552307,44
10,1.0,0.010000000397364298,2.34375,-0.14526516199111938,-0.15287254750728607,-0.1364326924085617,65
10,1.0,0.010000000397364298,2.5,-0.14397621223559745,-0.15136854350566864,-0.13555951416492462,65
10,1.0,0.010000000397364298,2.65625,-0.14269091349381666,-0.15018171072006226,-0.1344984918832779,65
10,1.0,0.010000000397364298,2.8125,-0.1406950716945258,-0.14825741946697235,-0.13327081501483917,44
10,1.0,0.010000000397364298,2.96875,-0.13911361189988944,-0.14690856635570526,-0.1307108998298645,26
10,1.0,0.010000000397364298,3.125,-0.13774273958471087,-0.14572840929031372,-0.1294180154800415,18
10,1.0,0.010000000397364298,3.28125,-0.13627479331833975,-0.14457423985004425,-0.12776437401771545,14
10,1.0,0.010000000397364298,3.4375,-0.1349469112853209,-0.14369520545005798,-0.1263723522424698,12
10,1.0,0.010000000397364298,3.59375,-0.13358426156143346,-0.14284949004650116,-0.1245594322681427,12
10,1.0,0.010000000397364298,3.75,-0.13213636875152587,-0.14170144498348236,-0.12255603075027466,10
10,1.0,0.010000000397364298,3.90625,-0.13067129533737898,-0.14066287875175476,-0.12070237100124359,8
10,1.0,0.010000000397364298,4.0625,-0.128845801576972,-0.13920728862285614,-0.118547722697258,8
10,1.0,0.010000000397364298,4.21875,-0.12667190469801426,-0.13739325106143951,-0.11585608869791031,8
10,1.0,0.010000000397364298,4.375,-0.12414108775556087,-0.13547296822071075,-0.11269127577543259,8
10,1.0,0.010000000397364298,4.53125,-0.12122140917927027,-0.13316993415355682,-0.10898025333881378,8
10,1.0,0.010000000397364298,4.6875,-0.11617216574294227,-0.13029682636260986,-0.10507914423942566,7
10,1.0,0.010000000397364298,4.84375,-0.11407380178570747,-0.12663644552230835,-0.10144887119531631,6
10,1.0,0.010000000397364298,5.0,-0.10981429368257523,-0.12251327931880951,-0.09704498946666718,6
10,1.0,0.010000000397364298,5.15625,-0.10559717441598575,-0.11837124824523926,-0.09281399846076965,6
10,1.0,0.010000000397364298,5.3125,-0.10193182248622179,-0.11487006396055222,-0.08912266790866852,8
10,1.0,0.010000000397364298,5.46875,-0.09868116024881601,-0.1112624853849411,-0.08619026094675064,8
10,1.0,0.010000000397364298,5.625,-0.09586724918335676,-0.10786495357751846,-0.0838618203997612,8
10,1.0,0.010000000397364298,5.78125,-0.09354022797197104,-0.10496784746646881,-0.08206179738044739,8
10,1.0,0.010000000397364298,5.9375,-0.09162925463169813,-0.10261709988117218,-0.08057515323162079,8
10,1.0,0.010000000397364298,6.09375,-0.09013844095170498,-0.10065916925668716,-0.07957181334495544,8
10,1.0,0.010000000397364298,6.25,-0.08907386735081672,-0.09895924478769302,-0.07914230972528458,10
10,1.0,0.010000000397364298,6.40625,-0.08807423710823059,-0.09719645977020264,-0.07865972816944122,12
10,1.0,0.010000000397364298,6.5625,-0.0872126892209053,-0.09584609419107437,-0.07846636325120926,12
10,1.0,0.010000000397364298,6.71875,-0.08642089952315603,-0.09441899508237839,-0.07824461907148361,14
10,1.0,0.010000000397364298,6.875,-0.08556734894712766,-0.09299115836620331,-0.07754302769899368,18
10,1.0,0.010000000397364298,7.03125,-0.08462748963099259,-0.09199662506580353,-0.07673373073339462,26
10,1.0,0.010000000397364298,7.1875,-0.08379984771211942,-0.09210891276597977,-0.0757296085357666,42
10,1.0,0.010000000397364298,7.34375,-0.08284607449403177,-0.09053236991167068,-0.07465296238660812,65
10,1.0,0.010000000397364298,7.5,-0.0815516030559173,-0.08918685466051102,-0.07346688956022263,65
10,1.0,0.010000000397364298,7.65625,-0.08025917594249432,-0.08809337019920349,-0.07193660736083984,65
10,1.0,0.010000000397364298,7.8125,-0.07933556085283106,-0.08706492930650711,-0.07034546881914139,44
10,1.0,0.010000000397364298,7.96875,-0.07841046928213193,-0.08610066026449203,-0.07092909514904022,26
10,1.0,0.010000000397364298,8.125,-0.07745025927821796,-0.08527317643165588,-0.06993287801742554,18
10,1.0,0.010000000397364298,8.28125,-0.07658376118966512,-0.08451050519943237,-0.06868511438369751,14
10,1.0,0.010000000397364298,8.4375,-0.0757888276129961,-0.08417670428752899,-0.06760678440332413,12
10,1.0,0.010000000397364298,8.59375,-0.07492782610158126,-0.08387354761362076,-0.06625272333621979,12
10,1.0,0.010000000397364298,8.75,-0.07395625486969948,-0.08325990289449692,-0.06464807689189911,10
10,1.0,0.010000000397364298,8.90625,-0.07296051550656557,-0.08273150026798248,-0.06324252486228943,8
10,1.0,0.010000000397364298,9.0625,-0.07157939812168479,-0.08173710852861404,-0.06150553748011589,8
10,1.0,0.010000000397364298,9.21875,-0.0698360400274396,-0.08034753799438477,-0.059274718165397644,8
10,1.0,0.010000000397364298,9.375,-0.06772614503279328,-0.07880134135484695,-0.05659492313861847,8
10,1.0,0.010000000397364298,9.53125,-0.06522534089162946,-0.07683677971363068,-0.05340500548481941,8
10,1.0,0.010000000397364298,9.6875,-0.06064549194914954,-0.07425826787948608,-0.05000991374254227,7
10,1.0,0.010000000397364298,9.84375,-0.05886810955901941,-0.07084335386753082,-0.04687538370490074,6
10,1.0,0.010000000397364298,10.0,-0.05498684011399746,-0.06694485992193222,-0.04300841689109802,6
10,1.0,0.010000000397364298,10.15625,-0.05111387806634108,-0.06299802660942078,-0.03926339000463486,6
10,1.0,0.010000000397364298,10.3125,-0.04775317944586277,-0.05973518267273903,-0.035984281450510025,8
10,1.0,0.010000000397364298,10.46875,-0.04475256893783808,-0.05631512403488159,-0.03337109088897705,8
10,1.0,0.010000000397364298,10.625,-0.04216866986826062,-0.053100910037755966,-0.031297456473112106,8
10,1.0,0.010000000397364298,10.78125,-0.04003990232013166,-0.050393443554639816,-0.02969462424516678,8
10,1.0,0.010000000397364298,10.9375,-0.03829713142476976,-0.04818694293498993,-0.028346603736281395,8
10,1.0,0.010000000397364298,11.09375,-0.03694783290848136,-0.04642120376229286,-0.027436232194304466,8
10,1.0,0.010000000397364298,11.25,-0.036003551073372365,-0.04490360990166664,-0.027044149115681648,10
10,1.0,0.010000000397364298,11.40625,-0.03510142723098397,-0.043348122388124466,-0.026583993807435036,12
10,1.0,0.010000000397364298,11.5625,-0.03431993598739306,-0.042080629616975784,-0.0264121126383543,12
10,1.0,0.010000000397364298,11.71875,-0.03361114779753344,-0.040905147790908813,-0.02621043473482132,14
10,1.0,0.010000000397364298,11.875,-0.03283905155128903,-0.03966334089636803,-0.025548918172717094,18
10,1.0,0.010000000397364298,12.03125,-0.03196961181954695,-0.03877216950058937,-0.02478756569325924,26
10,1.0,0.010000000397364298,12.1875,-0.031213393967066492,-0.03932853415608406,-0.023840192705392838,42
10,1.0,0.010000000397364298,12.34375,-0.03041184306717836,-0.03786115348339081,-0.02281738445162773,65
10,1.0,0.010000000397364298,12.5,-0.029143137140915945,-0.036447811871767044,-0.021706867963075638,65
10,1.0,0.010000000397364298,12.65625,-0.027874720153900294,-0.03533393144607544,-0.020254619419574738,65
10,1.0,0.010000000397364298,12.8125,-0.02716049107468941,-0.03432035073637962,-0.018829740583896637,44
10,1.0,0.010000000397364298,12.96875,-0.026356471057694692,-0.03336608037352562,-0.019607888534665108,26
10,1.0,0.010000000397364298,13.125,-0.025489038166900475,-0.032581862062215805,-0.018777601420879364,18
10,1.0,0.010000000397364298,13.28125,-0.024723175380911146,-0.031888335943222046,-0.01763778366148472,14
10,1.0,0.010000000397364298,13.4375,-0.02402228955179453,-0.03164553642272949,-0.016558831557631493,12
10,1.0,0.010000000397364298,13.59375,-0.023249095771461725,-0.03143666684627533,-0.015330024063587189,12
10,1.0,0.010000000397364298,13.75,-0.022363472916185855,-0.03094235248863697,-0.01382520142942667,10
10,1.0,0.010000000397364298,13.90625,-0.021453659515827894,-0.030530806630849838,-0.012417027726769447,8
10,1.0,0.010000000397364298,14.0625,-0.020155607955530286,-0.02964208647608757,-0.010739309713244438,8
10,1.0,0.010000000397364298,14.21875,-0.018496162723749876,-0.02836381271481514,-0.00862429104745388,8
10,1.0,0.010000000397364298,14.375,-0.016474473930429667,-0.026901867240667343,-0.006046127527952194,8
10,1.0,0.010000000397364298,14.53125,-0.014070625155000016,-0.02501208335161209,-0.002958845579996705,8
10,1.0,0.010000000397364298,14.6875,-0.009698242057181363,-0.022491436451673508,0.0003045181219931692,7
10,1.0,0.010000000397364298,14.84375,-0.007911631682266792,-0.019110338762402534,0.003301262855529785,6
10,1.0,0.010000000397364298,15.0,-0.004087949249272545,-0.015256023034453392,0.007084595505148172,6
10,1.0,0.010000000397364298,15.15625,-0.00024029317622383436,-0.011342055164277554,0.01079210452735424,6
10,1.0,0.010000000397364298,15.3125,0.0030984070617705584,-0.008152229711413383,0.014080069959163666,8
10,1.0,0.010000000397364298,15.46875,0.006069071794627234,-0.00479591591283679,0.016703471541404724,8
10,1.0,0.010000000397364298,15.625,0.008623830843134783,-0.0016374093247577548,0.018787244334816933,8
10,1.0,0.010000000397364298,15.78125,0.010726857814006507,0.0010024870280176401,0.020413430407643318,8
10,1.0,0.010000000397364298,15.9375,0.012449825822841376,0.0031561388168483973,0.02180319093167782,8
10,1.0,0.010000000397364298,16.09375,0.013785293267574161,0.004843698348850012,0.022762512788176537,8
10,1.0,0.010000000397364298,16.25,0.014720810577273369,0.006253720726817846,0.023219626396894455,10
10,1.0,0.010000000397364298,16.40625,0.015621253289282322,0.00775744765996933,0.023746764287352562,12
10,1.0,0.010000000397364298,16.5625,0.016404152382165194,0.008990640752017498,0.023980163037776947,12
10,1.0,0.010000000397364298,16.71875,0.01711499910535557,0.010059653781354427,0.024241793900728226,14
10,1.0,0.010000000397364298,16.875,0.017891336387644213,0.011218328028917313,0.024945169687271118,18
10,1.0,0.010000000397364298,17.03125,0.018762427417991254,0.012067529372870922,0.02573481760919094,26
10,1.0,0.010000000397364298,17.1875,0.019574141532013364,0.011356472969055176,0.026692068204283714,44
10,1.0,0.010000000397364298,17.34375,0.02033923241094901,0.012788228690624237,0.027710432186722755,65
10,1.0,0.010000000397364298,17.5,0.021595353489884964,0.01420692726969719,0.028833160176873207,65
10,1.0,0.010000000397364298,17.65625,0.0228524834347459,0.015298309735953808,0.030254844576120377,65
10,1.0,0.010000000397364298,17.8125,0.023595832542262295,0.01629720628261566,0.03173045441508293,44
10,1.0,0.010000000397364298,17.96875,0.024379689174775895,0.01722528226673603,0.031166626140475273,26
10,1.0,0.010000000397364298,18.125,0.02523821799291505,0.017969917505979538,0.03204578161239624,18
10,1.0,0.010000000397364298,18.28125,0.025994623079895973,0.01861315406858921,0.03326437249779701,14
10,1.0,0.010000000397364298,18.4375,0.026687674690037966,0.018791884183883667,0.03443996608257294,12
10,1.0,0.010000000397364298,18.59375,0.027454338657359283,0.018934637308120728,0.035696353763341904,12
10,1.0,0.010000000397364298,18.75,0.028334871865808964,0.01935432478785515,0.03724449500441551,10
10,1.0,0.010000000397364298,18.90625,0.029244740959256887,0.01969241164624691,0.03875357657670975,8
10,1.0,0.010000000397364298,19.0625,0.030548118287697434,0.020521527156233788,0.04050224646925926,8
10,1.0,0.010000000397364298,19.21875,0.03221871634013951,0.0217463169246912,0.042666733264923096,8
10,1.0,0.010000000397364298,19.375,0.034258740954101086,0.02317347191274166,0.04530758783221245,8
10,1.0,0.010000000397364298,19.53125,0.036684003891423345,0.02504405565559864,0.04844634607434273,8
10,1.0,0.010000000397364298,19.6875,0.04119124050651278,0.027572957798838615,0.05177005007863045,7
10,1.0,0.010000000397364298,19.84375,0.04292892416318258,0.031003810465335846,0.05484144017100334,6
10,1.0,0.010000000397364298,20.0,0.04680919088423252,0.03492659330368042,0.058660879731178284,6
10,1.0,0.010000000397364298,20.15625,0.050720096876223884,0.03893018886446953,0.0624169185757637,6
10,1.0,0.010000000397364298,20.3125,0.05412450013682246,0.04218866676092148,0.06574689596891403,8
10,1.0,0.010000000397364298,20.46875,0.057166606187820435,0.045618895441293716,0.06842955201864243,8
10,1.0,0.010000000397364298,20.625,0.05979558965191245,0.048863399773836136,0.07058469206094742,8
10,1.0,0.010000000397364298,20.78125,0.061976008117198944,0.051578253507614136,0.07230134308338165,8
10,1.0,0.010000000397364298,20.9375,0.06377960462123156,0.05384073033928871,0.07379358261823654,8
10,1.0,0.010000000397364298,21.09375,0.06519913300871849,0.05558767914772034,0.07486104965209961,8
10,1.0,0.010000000397364298,21.25,0.06622381173074246,0.05699722468852997,0.07543788850307465,10
10,1.0,0.010000000397364298,21.40625,0.06721421703696251,0.05860557407140732,0.07608778774738312,12
10,1.0,0.010000000397364298,21.5625,0.06808931659907103,0.059967152774333954,0.0764196440577507,12
10,1.0,0.010000000397364298,21.71875,0.06889829092792102,0.061040136963129044,0.07677669823169708,14
10,1.0,0.010000000397364298,21.875,0.06977901938888761,0.06231117993593216,0.07755419611930847,18
10,1.0,0.010000000397364298,22.03125,0.07074651408653992,0.06332708150148392,0.07839250564575195,26
10,1.0,0.010000000397364298,22.1875,0.07168282720852982,0.06280837953090668,0.07936560362577438,44
10,1.0,0.010000000397364298,22.34375,0.07265693786052557,0.06440838426351547,0.08040797710418701,65
10,1.0,0.010000000397364298,22.5,0.07394076069960227,0.0659024715423584,0.08151417225599289,65
10,1.0,0.010000000397364298,22.65625,0.0752272326212663,0.06706736236810684,0.08287341892719269,65
10,1.0,0.010000000397364298,22.8125,0.07612986202267083,0.06811857968568802,0.08446354418992996,44
10,1.0,0.010000000397364298,22.96875,0.07698084700566071,0.06910241395235062,0.08434347808361053,26
10,1.0,0.010000000397364298,23.125,0.07791166421439913,0.0698939710855484,0.08533193171024323,18
10,1.0,0.010000000397364298,23.28125,0.07874975406697818,0.07057594507932663,0.08674126118421555,14
10,1.0,0.010000000397364298,23.4375,0.07952588486174743,0.07077255100011826,0.0881681814789772,12
10,1.0,0.010000000397364298,23.59375,0.08037290101250012,0.0709340050816536,0.08951181173324585,12
10,1.0,0.010000000397364298,23.75,0.08134987726807594,0.07137279957532883,0.09126782417297363,10
10,1.0,0.010000000397364298,23.90625,0.0823781443759799,0.07174348831176758,0.09296109527349472,8
10,1.0,0.010000000397364298,24.0625,0.0838206559419632,0.07265781611204147,0.09490419924259186,8
10,1.0,0.010000000397364298,24.21875,0.08565572183579206,0.07400932163000107,0.09721790254116058,8
10,1.0,0.010000000397364298,24.375,0.08789062779396772,0.07561390101909637,0.10005427896976471,8
10,1.0,0.010000000397364298,24.53125,0.09053210262209177,0.07771950215101242,0.10338222235441208,8
10,1.0,0.010000000397364298,24.6875,0.0954528557402747,0.0805690661072731,0.10690110921859741,7
10,1.0,0.010000000397364298,24.84375,0.09736014281709988,0.08443660289049149,0.1102265939116478,6
10,1.0,0.010000000397364298,25.0,0.10159936174750328,0.08886516094207764,0.11425177752971649,6
10,1.0,0.010000000397364298,25.15625,0.10590301702419917,0.09342257678508759,0.11824489384889603,6
10,1.0,0.010000000397364298,25.3125,0.10971044935286045,0.09719492495059967,0.12183646857738495,8
10,1.0,0.010000000397364298,25.46875,0.11317169852554798,0.10114486515522003,0.12482529133558273,8
10,1.0,0.010000000397364298,25.625,0.11622564401477575,0.10492563247680664,0.12732437252998352,8
10,1.0,0.010000000397364298,25.78125,0.11883846577256918,0.10814008861780167,0.12943366169929504,8
10,1.0,0.010000000397364298,25.9375,0.12108423933386803,0.11087799072265625,0.13134510815143585,8
10,1.0,0.010000000397364298,26.09375,0.12296044919639826,0.11305627971887589,0.13288402557373047,8
10,1.0,0.010000000397364298,26.25,0.12446687296032906,0.11492840200662613,0.13398219645023346,10
10,1.0,0.010000000397364298,26.40625,0.1259461771696806,0.1169491782784462,0.13517802953720093,12
10,1.0,0.010000000397364298,26.5625,0.12733554157118002,0.1187814474105835,0.13606420159339905,12
10,1.0,0.010000000397364298,26.71875,0.12868980584400042,0.12018350511789322,0.13697855174541473,14
10,1.0,0.010000000397364298,26.875,0.13018373027443886,0.12184774875640869,0.13816213607788086,18
10,1.0,0.010000000397364298,27.03125,0.13157551506390938,0.12314968556165695,0.13937091827392578,26
10,1.0,0.010000000397364298,27.1875,0.13317871195348827,0.12579824030399323,0.1407463401556015,44
10,1.0,0.010000000397364298,27.34375,0.13519794436601493,0.12701402604579926,0.14272741973400116,65
10,1.0,0.010000000397364298,27.5,0.13649836962039655,0.12807397544384003,0.14392144978046417,65
10,1.0,0.010000000397364298,27.65625,0.13780166529692137,0.1289406567811966,0.145429790019989,65
10,1.0,0.010000000397364298,27.8125,0.13887368142604828,0.1296348124742508,0.1475529968738556,44
10,1.0,0.010000000397364298,27.96875,0.1396960484293791,0.1305103600025177,0.1483602225780487,26
10,1.0,0.010000000397364298,28.125,0.14074306769503486,0.13121967017650604,0.14970663189888,18
10,1.0,0.010000000397364298,28.28125,0.14144206259931838,0.1317976862192154,0.1508949100971222,14
10,1.0,0.010000000397364298,28.4375,0.1421650710205237,0.13189904391765594,0.15229304134845734,12
10,1.0,0.010000000397364298,28.59375,0.14298704639077187,0.13195852935314178,0.15377311408519745,12
10,1.0,0.010000000397364298,28.75,0.1436787500977516,0.13199597597122192,0.15523576736450195,10
10,1.0,0.010000000397364298,28.90625,0.14436998218297958,0.13189809024333954,0.15673570334911346,8
10,1.0,0.010000000397364298,29.0625,0.1452023647725582,0.13199007511138916,0.15836596488952637,8
10,1.0,0.010000000397364298,29.21875,0.1461465936154127,0.1320865899324417,0.16010382771492004,8
10,1.0,0.010000000397364298,29.375,0.1472012661397457,0.13227781653404236,0.16194328665733337,8
10,1.0,0.010000000397364298,29.53125,0.14828654751181602,0.13247907161712646,0.16398009657859802,8
10,1.0,0.010000000397364298,29.6875,0.1516532450914383,0.13287869095802307,0.1658773422241211,7
10,1.0,0.010000000397364298,29.84375,0.15060519675413767,0.13348889350891113,0.16753405332565308,6
10,1.0,0.010000000397364298,30.0,0.15185275922218958,0.13395531475543976,0.16945353150367737,6
